,batch_size,bce_pos_class_weight,cnn_filters,dropout_p,fc_size,lr,optimizer_type,sequence_length,weight_decay,tss,hss
398,512,75,16,0.1,64,0.01,sgd,45,0.0001,0.4404,0.1105
463,512,75,32,0.1,64,0.01,sgd,45,0.01,0.4365,0.1288
415,512,75,16,0.1,1048,0.01,sgd,45,0.01,0.4268,0.1503
510,512,75,32,0.5,1048,0.01,sgd,45,0.0001,0.4232,0.1276
414,512,75,16,0.1,1048,0.01,sgd,45,0.0001,0.4227,0.1625
478,512,75,32,0.1,1048,0.01,sgd,45,0.0001,0.4165,0.1745
511,512,75,32,0.5,1048,0.01,sgd,45,0.01,0.4132,0.1181
319,512,30,16,0.5,1048,0.01,sgd,45,0.01,0.4127,0.1566
351,512,30,32,0.1,1048,0.01,sgd,45,0.01,0.41,0.2
462,512,75,32,0.1,64,0.01,sgd,45,0.0001,0.4094,0.1431
479,512,75,32,0.1,1048,0.01,sgd,45,0.01,0.4058,0.1632
443,512,75,16,0.5,1048,0.01,adam,45,0.01,0.4044,0.1536
447,512,75,16,0.5,1048,0.01,sgd,45,0.01,0.4032,0.1116
495,512,75,32,0.5,64,0.01,sgd,45,0.01,0.4029,0.1082
399,512,75,16,0.1,64,0.01,sgd,45,0.01,0.4027,0.1048
306,512,30,16,0.5,1048,0.0001,adam,45,0.0001,0.4018,0.1566
98,32,30,32,0.5,64,0.0001,adam,45,0.0001,0.4011,0.1385
286,512,30,16,0.1,1048,0.01,sgd,45,0.0001,0.4001,0.2026
491,512,75,32,0.5,64,0.01,adam,45,0.01,0.3984,0.1887
287,512,30,16,0.1,1048,0.01,sgd,45,0.01,0.3978,0.1797
350,512,30,32,0.1,1048,0.01,sgd,45,0.0001,0.3954,0.2038
499,512,75,32,0.5,1048,0.0001,adam,45,0.01,0.3951,0.1025
490,512,75,32,0.5,64,0.01,adam,45,0.0001,0.3926,0.1687
345,512,30,32,0.1,1048,0.01,adam,15,0.01,0.3916,0.193
446,512,75,16,0.5,1048,0.01,sgd,45,0.0001,0.3905,0.1161
271,512,30,16,0.1,64,0.01,sgd,45,0.01,0.3904,0.1532
265,512,30,16,0.1,64,0.01,adam,15,0.01,0.3853,0.2034
334,512,30,32,0.1,64,0.01,sgd,45,0.0001,0.3843,0.1872
335,512,30,32,0.1,64,0.01,sgd,45,0.01,0.3837,0.1869
427,512,75,16,0.5,64,0.01,adam,45,0.01,0.3811,0.1396
396,512,75,16,0.1,64,0.01,sgd,15,0.0001,0.3804,0.1487
307,512,30,16,0.5,1048,0.0001,adam,45,0.01,0.3782,0.1323
401,512,75,16,0.1,1048,0.0001,adam,15,0.01,0.3776,0.0912
35,32,30,16,0.5,64,0.0001,adam,45,0.01,0.3764,0.1386
431,512,75,16,0.5,64,0.01,sgd,45,0.01,0.3757,0.0763
369,512,30,32,0.5,1048,0.0001,adam,15,0.01,0.3749,0.1278
336,512,30,32,0.1,1048,0.0001,adam,15,0.0001,0.3732,0.1562
270,512,30,16,0.1,64,0.01,sgd,45,0.0001,0.3729,0.1514
300,512,30,16,0.5,64,0.01,sgd,15,0.0001,0.3716,0.1687
371,512,30,32,0.5,1048,0.0001,adam,45,0.01,0.3714,0.1389
393,512,75,16,0.1,64,0.01,adam,15,0.01,0.3713,0.1914
426,512,75,16,0.5,64,0.01,adam,45,0.0001,0.371,0.1544
444,512,75,16,0.5,1048,0.01,sgd,15,0.0001,0.3701,0.1295
273,512,30,16,0.1,1048,0.0001,adam,15,0.01,0.3697,0.1606
227,32,75,32,0.5,64,0.0001,adam,45,0.01,0.3684,0.101
368,512,30,32,0.5,1048,0.0001,adam,15,0.0001,0.3682,0.1252
379,512,30,32,0.5,1048,0.01,adam,45,0.01,0.3676,0.1874
428,512,75,16,0.5,64,0.01,sgd,15,0.0001,0.3676,0.1209
272,512,30,16,0.1,1048,0.0001,adam,15,0.0001,0.3664,0.1494
430,512,75,16,0.5,64,0.01,sgd,45,0.0001,0.366,0.0948
467,512,75,32,0.1,1048,0.0001,adam,45,0.01,0.3655,0.1262
383,512,30,32,0.5,1048,0.01,sgd,45,0.01,0.3646,0.1505
318,512,30,16,0.5,1048,0.01,sgd,45,0.0001,0.3644,0.1441
304,512,30,16,0.5,1048,0.0001,adam,15,0.0001,0.3644,0.1294
299,512,30,16,0.5,64,0.01,adam,45,0.01,0.3643,0.1811
139,32,75,16,0.1,64,0.01,adam,45,0.01,0.3643,0.1172
365,512,30,32,0.5,64,0.01,sgd,15,0.01,0.3639,0.1539
281,512,30,16,0.1,1048,0.01,adam,15,0.01,0.3636,0.206
397,512,75,16,0.1,64,0.01,sgd,15,0.01,0.3636,0.1462
429,512,75,16,0.5,64,0.01,sgd,15,0.01,0.3636,0.1197
366,512,30,32,0.5,64,0.01,sgd,45,0.0001,0.363,0.1358
301,512,30,16,0.5,64,0.01,sgd,15,0.01,0.361,0.1644
466,512,75,32,0.1,1048,0.0001,adam,45,0.0001,0.3607,0.158
425,512,75,16,0.5,64,0.01,adam,15,0.01,0.3602,0.1322
494,512,75,32,0.5,64,0.01,sgd,45,0.0001,0.3602,0.0948
367,512,30,32,0.5,64,0.01,sgd,45,0.01,0.3596,0.1311
316,512,30,16,0.5,1048,0.01,sgd,15,0.0001,0.3578,0.1622
361,512,30,32,0.5,64,0.01,adam,15,0.01,0.3578,0.1604
275,512,30,16,0.1,1048,0.0001,adam,45,0.01,0.3577,0.1504
395,512,75,16,0.1,64,0.01,adam,45,0.01,0.3574,0.2158
507,512,75,32,0.5,1048,0.01,adam,45,0.01,0.3572,0.1571
509,512,75,32,0.5,1048,0.01,sgd,15,0.01,0.3559,0.1371
226,32,75,32,0.5,64,0.0001,adam,45,0.0001,0.3559,0.1039
131,32,75,16,0.1,64,0.0001,adam,45,0.01,0.3556,0.1152
51,32,30,16,0.5,1048,0.0001,adam,45,0.01,0.3547,0.1332
403,512,75,16,0.1,1048,0.0001,adam,45,0.01,0.3544,0.0795
191,32,75,16,0.5,1048,0.01,sgd,45,0.01,0.3541,0.1288
377,512,30,32,0.5,1048,0.01,adam,15,0.01,0.3536,0.1704
302,512,30,16,0.5,64,0.01,sgd,45,0.0001,0.353,0.1117
370,512,30,32,0.5,1048,0.0001,adam,45,0.0001,0.3528,0.1247
315,512,30,16,0.5,1048,0.01,adam,45,0.01,0.3526,0.1664
339,512,30,32,0.1,1048,0.0001,adam,45,0.01,0.3521,0.1814
464,512,75,32,0.1,1048,0.0001,adam,15,0.0001,0.3521,0.1132
493,512,75,32,0.5,64,0.01,sgd,15,0.01,0.3521,0.1073
364,512,30,32,0.5,64,0.01,sgd,15,0.0001,0.3518,0.1385
506,512,75,32,0.5,1048,0.01,adam,45,0.0001,0.3511,0.1711
337,512,30,32,0.1,1048,0.0001,adam,15,0.01,0.3511,0.1621
457,512,75,32,0.1,64,0.01,adam,15,0.01,0.351,0.1569
412,512,75,16,0.1,1048,0.01,sgd,15,0.0001,0.3505,0.1498
411,512,75,16,0.1,1048,0.01,adam,45,0.01,0.3498,0.1923
338,512,30,32,0.1,1048,0.0001,adam,45,0.0001,0.3494,0.1897
303,512,30,16,0.5,64,0.01,sgd,45,0.01,0.349,0.1181
178,32,75,16,0.5,1048,0.0001,adam,45,0.0001,0.3479,0.1045
34,32,30,16,0.5,64,0.0001,adam,45,0.0001,0.3475,0.1352
332,512,30,32,0.1,64,0.01,sgd,15,0.0001,0.347,0.1863
477,512,75,32,0.1,1048,0.01,sgd,15,0.01,0.347,0.1556
256,512,30,16,0.1,64,0.0001,adam,15,0.0001,0.3468,0.1181
362,512,30,32,0.5,64,0.01,adam,45,0.0001,0.3465,0.1827
305,512,30,16,0.5,1048,0.0001,adam,15,0.01,0.3464,0.1292
413,512,75,16,0.1,1048,0.01,sgd,15,0.01,0.346,0.1474
380,512,30,32,0.5,1048,0.01,sgd,15,0.0001,0.3459,0.1398
461,512,75,32,0.1,64,0.01,sgd,15,0.01,0.3454,0.1328
130,32,75,16,0.1,64,0.0001,adam,45,0.0001,0.345,0.109
317,512,30,16,0.5,1048,0.01,sgd,15,0.01,0.3447,0.1386
320,512,30,32,0.1,64,0.0001,adam,15,0.0001,0.3447,0.1351
402,512,75,16,0.1,1048,0.0001,adam,45,0.0001,0.3443,0.0998
382,512,30,32,0.5,1048,0.01,sgd,45,0.0001,0.3438,0.1375
498,512,75,32,0.5,1048,0.0001,adam,45,0.0001,0.3433,0.0892
460,512,75,32,0.1,64,0.01,sgd,15,0.0001,0.3432,0.1637
435,512,75,16,0.5,1048,0.0001,adam,45,0.01,0.3429,0.0586
162,32,75,16,0.5,64,0.0001,adam,45,0.0001,0.3421,0.0879
285,512,30,16,0.1,1048,0.01,sgd,15,0.01,0.3411,0.1891
445,512,75,16,0.5,1048,0.01,sgd,15,0.01,0.3406,0.1178
321,512,30,32,0.1,64,0.0001,adam,15,0.01,0.3404,0.1369
268,512,30,16,0.1,64,0.01,sgd,15,0.0001,0.3396,0.1579
352,512,30,32,0.5,64,0.0001,adam,15,0.0001,0.3394,0.1118
475,512,75,32,0.1,1048,0.01,adam,45,0.01,0.3393,0.1699
257,512,30,16,0.1,64,0.0001,adam,15,0.01,0.3379,0.1067
99,32,30,32,0.5,64,0.0001,adam,45,0.01,0.3378,0.1316
243,32,75,32,0.5,1048,0.0001,adam,45,0.01,0.3377,0.1042
63,32,30,16,0.5,1048,0.01,sgd,45,0.01,0.3371,0.1527
465,512,75,32,0.1,1048,0.0001,adam,15,0.01,0.3363,0.095
269,512,30,16,0.1,64,0.01,sgd,15,0.01,0.3362,0.1842
87,32,30,32,0.1,1048,0.0001,sgd,45,0.01,0.336,0.1161
508,512,75,32,0.5,1048,0.01,sgd,15,0.0001,0.3355,0.1116
329,512,30,32,0.1,64,0.01,adam,15,0.01,0.3347,0.1916
163,32,75,16,0.5,64,0.0001,adam,45,0.01,0.3344,0.084
2,32,30,16,0.1,64,0.0001,adam,45,0.0001,0.334,0.1598
31,32,30,16,0.1,1048,0.01,sgd,45,0.01,0.3335,0.1565
492,512,75,32,0.5,64,0.01,sgd,15,0.0001,0.3333,0.1111
349,512,30,32,0.1,1048,0.01,sgd,15,0.01,0.3324,0.1751
434,512,75,16,0.5,1048,0.0001,adam,45,0.0001,0.3312,0.0655
284,512,30,16,0.1,1048,0.01,sgd,15,0.0001,0.3302,0.1525
50,32,30,16,0.5,1048,0.0001,adam,45,0.0001,0.3289,0.1428
288,512,30,16,0.5,64,0.0001,adam,15,0.0001,0.3288,0.1076
114,32,30,32,0.5,1048,0.0001,adam,45,0.0001,0.3287,0.1265
489,512,75,32,0.5,64,0.01,adam,15,0.01,0.3285,0.1327
195,32,75,32,0.1,64,0.0001,adam,45,0.01,0.328,0.1265
173,32,75,16,0.5,64,0.01,sgd,15,0.01,0.3277,0.079
203,32,75,32,0.1,64,0.01,adam,45,0.01,0.3272,0.1086
353,512,30,32,0.5,64,0.0001,adam,15,0.01,0.3271,0.1107
171,32,75,16,0.5,64,0.01,adam,45,0.01,0.3265,0.111
323,512,30,32,0.1,64,0.0001,adam,45,0.01,0.3261,0.1119
408,512,75,16,0.1,1048,0.01,adam,15,0.0001,0.3248,0.1691
274,512,30,16,0.1,1048,0.0001,adam,45,0.0001,0.3238,0.1761
235,32,75,32,0.5,64,0.01,adam,45,0.01,0.3232,0.0933
234,32,75,32,0.5,64,0.01,adam,45,0.0001,0.3225,0.0932
267,512,30,16,0.1,64,0.01,adam,45,0.01,0.3224,0.2261
459,512,75,32,0.1,64,0.01,adam,45,0.01,0.3224,0.1981
47,32,30,16,0.5,64,0.01,sgd,45,0.01,0.3221,0.1252
505,512,75,32,0.5,1048,0.01,adam,15,0.01,0.3217,0.1494
194,32,75,32,0.1,64,0.0001,adam,45,0.0001,0.3203,0.1191
347,512,30,32,0.1,1048,0.01,adam,45,0.01,0.32,0.2076
298,512,30,16,0.5,64,0.01,adam,45,0.0001,0.32,0.1839
449,512,75,32,0.1,64,0.0001,adam,15,0.01,0.3197,0.0589
289,512,30,16,0.5,64,0.0001,adam,15,0.01,0.3196,0.1047
283,512,30,16,0.1,1048,0.01,adam,45,0.01,0.3184,0.2489
373,512,30,32,0.5,1048,0.0001,sgd,15,0.01,0.3181,0.0912
442,512,75,16,0.5,1048,0.01,adam,45,0.0001,0.3178,0.1484
381,512,30,32,0.5,1048,0.01,sgd,15,0.01,0.3169,0.1451
378,512,30,32,0.5,1048,0.01,adam,45,0.0001,0.3166,0.2105
143,32,75,16,0.1,64,0.01,sgd,45,0.01,0.3153,0.1166
219,32,75,32,0.1,1048,0.01,adam,45,0.01,0.3152,0.1176
394,512,75,16,0.1,64,0.01,adam,45,0.0001,0.3145,0.1967
49,32,30,16,0.5,1048,0.0001,adam,15,0.01,0.3144,0.1133
360,512,30,32,0.5,64,0.01,adam,15,0.0001,0.3141,0.1518
86,32,30,32,0.1,1048,0.0001,sgd,45,0.0001,0.314,0.101
259,512,30,16,0.1,64,0.0001,adam,45,0.01,0.3139,0.0785
115,32,30,32,0.5,1048,0.0001,adam,45,0.01,0.3137,0.1188
476,512,75,32,0.1,1048,0.01,sgd,15,0.0001,0.3136,0.1478
242,32,75,32,0.5,1048,0.0001,adam,45,0.0001,0.3134,0.1071
504,512,75,32,0.5,1048,0.01,adam,15,0.0001,0.313,0.1121
66,32,30,32,0.1,64,0.0001,adam,45,0.0001,0.3129,0.1692
123,32,30,32,0.5,1048,0.01,adam,45,0.01,0.3122,0.0993
497,512,75,32,0.5,1048,0.0001,adam,15,0.01,0.3118,0.0791
155,32,75,16,0.1,1048,0.01,adam,45,0.01,0.3105,0.0839
376,512,30,32,0.5,1048,0.01,adam,15,0.0001,0.3101,0.1631
46,32,30,16,0.5,64,0.01,sgd,45,0.0001,0.3093,0.1686
15,32,30,16,0.1,64,0.01,sgd,45,0.01,0.3091,0.1279
58,32,30,16,0.5,1048,0.01,adam,45,0.0001,0.3088,0.1027
424,512,75,16,0.5,64,0.01,adam,15,0.0001,0.3085,0.1118
122,32,30,32,0.5,1048,0.01,adam,45,0.0001,0.3073,0.1246
250,32,75,32,0.5,1048,0.01,adam,45,0.0001,0.3061,0.0725
207,32,75,32,0.1,64,0.01,sgd,45,0.01,0.3045,0.116
221,32,75,32,0.1,1048,0.01,sgd,15,0.01,0.3043,0.095
3,32,30,16,0.1,64,0.0001,adam,45,0.01,0.3041,0.1808
314,512,30,16,0.5,1048,0.01,adam,45,0.0001,0.3036,0.1952
97,32,30,32,0.5,64,0.0001,adam,15,0.01,0.3023,0.1126
107,32,30,32,0.5,64,0.01,adam,45,0.01,0.3021,0.1121
119,32,30,32,0.5,1048,0.0001,sgd,45,0.01,0.3018,0.1085
496,512,75,32,0.5,1048,0.0001,adam,15,0.0001,0.3014,0.0789
179,32,75,16,0.5,1048,0.0001,adam,45,0.01,0.3011,0.0827
409,512,75,16,0.1,1048,0.01,adam,15,0.01,0.3,0.1348
480,512,75,32,0.5,64,0.0001,adam,15,0.0001,0.2993,0.0483
75,32,30,32,0.1,64,0.01,adam,45,0.01,0.2985,0.146
354,512,30,32,0.5,64,0.0001,adam,45,0.0001,0.2985,0.0882
297,512,30,16,0.5,64,0.01,adam,15,0.01,0.2984,0.1463
348,512,30,32,0.1,1048,0.01,sgd,15,0.0001,0.2978,0.1691
27,32,30,16,0.1,1048,0.01,adam,45,0.01,0.2967,0.1147
255,32,75,32,0.5,1048,0.01,sgd,45,0.01,0.2967,0.0872
154,32,75,16,0.1,1048,0.01,adam,45,0.0001,0.2964,0.1367
266,512,30,16,0.1,64,0.01,adam,45,0.0001,0.2958,0.2234
473,512,75,32,0.1,1048,0.01,adam,15,0.01,0.2945,0.1594
91,32,30,32,0.1,1048,0.01,adam,45,0.01,0.2941,0.1268
67,32,30,32,0.1,64,0.0001,adam,45,0.01,0.2939,0.1668
385,512,75,16,0.1,64,0.0001,adam,15,0.01,0.2937,0.0487
308,512,30,16,0.5,1048,0.0001,sgd,15,0.0001,0.2936,0.0716
488,512,75,32,0.5,64,0.01,adam,15,0.0001,0.2925,0.1265
96,32,30,32,0.5,64,0.0001,adam,15,0.0001,0.2908,0.1148
19,32,30,16,0.1,1048,0.0001,adam,45,0.01,0.2907,0.1743
481,512,75,32,0.5,64,0.0001,adam,15,0.01,0.289,0.0408
313,512,30,16,0.5,1048,0.01,adam,15,0.01,0.2886,0.1855
186,32,75,16,0.5,1048,0.01,adam,45,0.0001,0.2883,0.0773
277,512,30,16,0.1,1048,0.0001,sgd,15,0.01,0.2872,0.0602
400,512,75,16,0.1,1048,0.0001,adam,15,0.0001,0.2869,0.0666
111,32,30,32,0.5,64,0.01,sgd,45,0.01,0.2864,0.1279
59,32,30,16,0.5,1048,0.01,adam,45,0.01,0.2864,0.0763
218,32,75,32,0.1,1048,0.01,adam,45,0.0001,0.2858,0.1201
458,512,75,32,0.1,64,0.01,adam,45,0.0001,0.2857,0.1771
355,512,30,32,0.5,64,0.0001,adam,45,0.01,0.2856,0.0746
296,512,30,16,0.5,64,0.01,adam,15,0.0001,0.284,0.1627
333,512,30,32,0.1,64,0.01,sgd,15,0.01,0.2838,0.1659
147,32,75,16,0.1,1048,0.0001,adam,45,0.01,0.2823,0.1353
363,512,30,32,0.5,64,0.01,adam,45,0.01,0.2821,0.1964
441,512,75,16,0.5,1048,0.01,adam,15,0.01,0.2815,0.1106
239,32,75,32,0.5,64,0.01,sgd,45,0.01,0.2813,0.0824
258,512,30,16,0.1,64,0.0001,adam,45,0.0001,0.2813,0.072
113,32,30,32,0.5,1048,0.0001,adam,15,0.01,0.2812,0.0979
312,512,30,16,0.5,1048,0.01,adam,15,0.0001,0.281,0.1217
456,512,75,32,0.1,64,0.01,adam,15,0.0001,0.2809,0.1594
341,512,30,32,0.1,1048,0.0001,sgd,15,0.01,0.2793,0.0596
451,512,75,32,0.1,64,0.0001,adam,45,0.01,0.2793,0.0438
280,512,30,16,0.1,1048,0.01,adam,15,0.0001,0.2784,0.1488
127,32,30,32,0.5,1048,0.01,sgd,45,0.01,0.2781,0.1377
291,512,30,16,0.5,64,0.0001,adam,45,0.01,0.2768,0.0632
83,32,30,32,0.1,1048,0.0001,adam,45,0.01,0.2767,0.139
264,512,30,16,0.1,64,0.01,adam,15,0.0001,0.2764,0.1706
384,512,75,16,0.1,64,0.0001,adam,15,0.0001,0.2762,0.0405
105,32,30,32,0.5,64,0.01,adam,15,0.01,0.2756,0.0744
32,32,30,16,0.5,64,0.0001,adam,15,0.0001,0.2751,0.1197
159,32,75,16,0.1,1048,0.01,sgd,45,0.01,0.2751,0.1138
392,512,75,16,0.1,64,0.01,adam,15,0.0001,0.2748,0.1482
33,32,30,16,0.5,64,0.0001,adam,15,0.01,0.2745,0.1126
161,32,75,16,0.5,64,0.0001,adam,15,0.01,0.2743,0.0565
450,512,75,32,0.1,64,0.0001,adam,45,0.0001,0.2743,0.0473
372,512,30,32,0.5,1048,0.0001,sgd,15,0.0001,0.2742,0.0656
43,32,30,16,0.5,64,0.01,adam,45,0.01,0.2727,0.1133
174,32,75,16,0.5,64,0.01,sgd,45,0.0001,0.2726,0.1162
433,512,75,16,0.5,1048,0.0001,adam,15,0.01,0.2716,0.0583
106,32,30,32,0.5,64,0.01,adam,45,0.0001,0.2714,0.0891
175,32,75,16,0.5,64,0.01,sgd,45,0.01,0.27,0.0942
322,512,30,32,0.1,64,0.0001,adam,45,0.0001,0.2696,0.0868
245,32,75,32,0.5,1048,0.0001,sgd,15,0.01,0.2696,0.0522
211,32,75,32,0.1,1048,0.0001,adam,45,0.01,0.2684,0.1397
309,512,30,16,0.5,1048,0.0001,sgd,15,0.01,0.2673,0.0711
223,32,75,32,0.1,1048,0.01,sgd,45,0.01,0.2651,0.1246
251,32,75,32,0.5,1048,0.01,adam,45,0.01,0.2651,0.0569
93,32,30,32,0.1,1048,0.01,sgd,15,0.01,0.2647,0.1101
440,512,75,16,0.5,1048,0.01,adam,15,0.0001,0.2644,0.1165
176,32,75,16,0.5,1048,0.0001,adam,15,0.0001,0.2637,0.0597
79,32,30,32,0.1,64,0.01,sgd,45,0.01,0.2633,0.1221
205,32,75,32,0.1,64,0.01,sgd,15,0.01,0.2633,0.06
432,512,75,16,0.5,1048,0.0001,adam,15,0.0001,0.263,0.0576
23,32,30,16,0.1,1048,0.0001,sgd,45,0.01,0.2629,0.0907
225,32,75,32,0.5,64,0.0001,adam,15,0.01,0.2624,0.0688
180,32,75,16,0.5,1048,0.0001,sgd,15,0.0001,0.2615,0.0529
213,32,75,32,0.1,1048,0.0001,sgd,15,0.01,0.2614,0.0656
410,512,75,16,0.1,1048,0.01,adam,45,0.0001,0.2604,0.1755
276,512,30,16,0.1,1048,0.0001,sgd,15,0.0001,0.2598,0.0526
237,32,75,32,0.5,64,0.01,sgd,15,0.01,0.2595,0.0654
126,32,30,32,0.5,1048,0.01,sgd,45,0.0001,0.2591,0.149
42,32,30,16,0.5,64,0.01,adam,45,0.0001,0.259,0.0754
331,512,30,32,0.1,64,0.01,adam,45,0.01,0.2589,0.2326
146,32,75,16,0.1,1048,0.0001,adam,45,0.0001,0.2583,0.1352
290,512,30,16,0.5,64,0.0001,adam,45,0.0001,0.2582,0.0769
282,512,30,16,0.1,1048,0.01,adam,45,0.0001,0.2578,0.1976
118,32,30,32,0.5,1048,0.0001,sgd,45,0.0001,0.2568,0.096
125,32,30,32,0.5,1048,0.01,sgd,15,0.01,0.2568,0.0676
22,32,30,16,0.1,1048,0.0001,sgd,45,0.0001,0.2567,0.081
11,32,30,16,0.1,64,0.01,adam,45,0.01,0.2563,0.1252
62,32,30,16,0.5,1048,0.01,sgd,45,0.0001,0.2559,0.1455
416,512,75,16,0.5,64,0.0001,adam,15,0.0001,0.2549,0.0368
1,32,30,16,0.1,64,0.0001,adam,15,0.01,0.2542,0.1167
238,32,75,32,0.5,64,0.01,sgd,45,0.0001,0.2538,0.1285
90,32,30,32,0.1,1048,0.01,adam,45,0.0001,0.2533,0.1232
73,32,30,32,0.1,64,0.01,adam,15,0.01,0.253,0.0652
328,512,30,32,0.1,64,0.01,adam,15,0.0001,0.2521,0.1809
177,32,75,16,0.5,1048,0.0001,adam,15,0.01,0.2518,0.0551
157,32,75,16,0.1,1048,0.01,sgd,15,0.01,0.25,0.0542
472,512,75,32,0.1,1048,0.01,adam,15,0.0001,0.2499,0.1573
82,32,30,32,0.1,1048,0.0001,adam,45,0.0001,0.2492,0.1792
135,32,75,16,0.1,64,0.0001,sgd,45,0.01,0.2488,0.0432
4,32,30,16,0.1,64,0.0001,sgd,15,0.0001,0.2487,0.1073
224,32,75,32,0.5,64,0.0001,adam,15,0.0001,0.2487,0.0578
230,32,75,32,0.5,64,0.0001,sgd,45,0.0001,0.2487,0.0396
474,512,75,32,0.1,1048,0.01,adam,45,0.0001,0.2468,0.1914
74,32,30,32,0.1,64,0.01,adam,45,0.0001,0.2465,0.1221
128,32,75,16,0.1,64,0.0001,adam,15,0.0001,0.2465,0.0751
112,32,30,32,0.5,1048,0.0001,adam,15,0.0001,0.2463,0.0863
18,32,30,16,0.1,1048,0.0001,adam,45,0.0001,0.2457,0.1593
140,32,75,16,0.1,64,0.01,sgd,15,0.0001,0.2451,0.1072
485,512,75,32,0.5,64,0.0001,sgd,15,0.01,0.2451,0.0392
482,512,75,32,0.5,64,0.0001,adam,45,0.0001,0.2448,0.0351
417,512,75,16,0.5,64,0.0001,adam,15,0.01,0.2438,0.0362
167,32,75,16,0.5,64,0.0001,sgd,45,0.01,0.2437,0.0369
160,32,75,16,0.5,64,0.0001,adam,15,0.0001,0.2432,0.0586
89,32,30,32,0.1,1048,0.01,adam,15,0.01,0.2429,0.0579
55,32,30,16,0.5,1048,0.0001,sgd,45,0.01,0.2422,0.0856
330,512,30,32,0.1,64,0.01,adam,45,0.0001,0.2421,0.204
340,512,30,32,0.1,1048,0.0001,sgd,15,0.0001,0.2419,0.0608
448,512,75,32,0.1,64,0.0001,adam,15,0.0001,0.2417,0.0442
149,32,75,16,0.1,1048,0.0001,sgd,15,0.01,0.2404,0.0609
48,32,30,16,0.5,1048,0.0001,adam,15,0.0001,0.2402,0.0984
210,32,75,32,0.1,1048,0.0001,adam,45,0.0001,0.2387,0.1459
85,32,30,32,0.1,1048,0.0001,sgd,15,0.01,0.2386,0.1254
142,32,75,16,0.1,64,0.01,sgd,45,0.0001,0.2384,0.1556
61,32,30,16,0.5,1048,0.01,sgd,15,0.01,0.2384,0.0836
45,32,30,16,0.5,64,0.01,sgd,15,0.01,0.2381,0.0788
110,32,30,32,0.5,64,0.01,sgd,45,0.0001,0.2375,0.1349
346,512,30,32,0.1,1048,0.01,adam,45,0.0001,0.2367,0.1935
84,32,30,32,0.1,1048,0.0001,sgd,15,0.0001,0.2363,0.1234
95,32,30,32,0.1,1048,0.01,sgd,45,0.01,0.2352,0.1453
246,32,75,32,0.5,1048,0.0001,sgd,45,0.0001,0.2349,0.0375
69,32,30,32,0.1,64,0.0001,sgd,15,0.01,0.2348,0.1119
71,32,30,32,0.1,64,0.0001,sgd,45,0.01,0.2327,0.0575
199,32,75,32,0.1,64,0.0001,sgd,45,0.01,0.2321,0.0336
138,32,75,16,0.1,64,0.01,adam,45,0.0001,0.232,0.0842
187,32,75,16,0.5,1048,0.01,adam,45,0.01,0.2306,0.0603
141,32,75,16,0.1,64,0.01,sgd,15,0.01,0.2298,0.0612
21,32,30,16,0.1,1048,0.0001,sgd,15,0.01,0.2293,0.1191
44,32,30,16,0.5,64,0.01,sgd,15,0.0001,0.2292,0.0986
129,32,75,16,0.1,64,0.0001,adam,15,0.01,0.2287,0.0577
253,32,75,32,0.5,1048,0.01,sgd,15,0.01,0.2286,0.0562
244,32,75,32,0.5,1048,0.0001,sgd,15,0.0001,0.2269,0.0593
212,32,75,32,0.1,1048,0.0001,sgd,15,0.0001,0.2266,0.0578
202,32,75,32,0.1,64,0.01,adam,45,0.0001,0.2264,0.1018
214,32,75,32,0.1,1048,0.0001,sgd,45,0.0001,0.2255,0.0334
20,32,30,16,0.1,1048,0.0001,sgd,15,0.0001,0.2253,0.1259
452,512,75,32,0.1,64,0.0001,sgd,15,0.0001,0.2234,0.0337
104,32,30,32,0.5,64,0.01,adam,15,0.0001,0.2232,0.0769
193,32,75,32,0.1,64,0.0001,adam,15,0.01,0.2223,0.0877
181,32,75,16,0.5,1048,0.0001,sgd,15,0.01,0.2216,0.0408
241,32,75,32,0.5,1048,0.0001,adam,15,0.01,0.2206,0.0573
0,32,30,16,0.1,64,0.0001,adam,15,0.0001,0.2196,0.1188
134,32,75,16,0.1,64,0.0001,sgd,45,0.0001,0.2191,0.033
29,32,30,16,0.1,1048,0.01,sgd,15,0.01,0.2175,0.0864
116,32,30,32,0.5,1048,0.0001,sgd,15,0.0001,0.2171,0.1127
78,32,30,32,0.1,64,0.01,sgd,45,0.0001,0.217,0.169
26,32,30,16,0.1,1048,0.01,adam,45,0.0001,0.2167,0.124
60,32,30,16,0.5,1048,0.01,sgd,15,0.0001,0.2167,0.0977
483,512,75,32,0.5,64,0.0001,adam,45,0.01,0.2164,0.0337
68,32,30,32,0.1,64,0.0001,sgd,15,0.0001,0.2153,0.1036
198,32,75,32,0.1,64,0.0001,sgd,45,0.0001,0.2152,0.0317
502,512,75,32,0.5,1048,0.0001,sgd,45,0.0001,0.2151,0.0383
166,32,75,16,0.5,64,0.0001,sgd,45,0.0001,0.2151,0.0375
229,32,75,32,0.5,64,0.0001,sgd,15,0.01,0.214,0.0408
77,32,30,32,0.1,64,0.01,sgd,15,0.01,0.2137,0.1033
153,32,75,16,0.1,1048,0.01,adam,15,0.01,0.2134,0.0777
109,32,30,32,0.5,64,0.01,sgd,15,0.01,0.2104,0.0676
133,32,75,16,0.1,64,0.0001,sgd,15,0.01,0.2102,0.0343
117,32,30,32,0.5,1048,0.0001,sgd,15,0.01,0.2094,0.1045
124,32,30,32,0.5,1048,0.01,sgd,15,0.0001,0.2087,0.1146
102,32,30,32,0.5,64,0.0001,sgd,45,0.0001,0.2077,0.0603
254,32,75,32,0.5,1048,0.01,sgd,45,0.0001,0.2072,0.1322
41,32,30,16,0.5,64,0.01,adam,15,0.01,0.2072,0.0549
374,512,30,32,0.5,1048,0.0001,sgd,45,0.0001,0.2069,0.0601
103,32,30,32,0.5,64,0.0001,sgd,45,0.01,0.2068,0.0651
53,32,30,16,0.5,1048,0.0001,sgd,15,0.01,0.2056,0.0849
10,32,30,16,0.1,64,0.01,adam,45,0.0001,0.2053,0.1196
36,32,30,16,0.5,64,0.0001,sgd,15,0.0001,0.2051,0.0922
247,32,75,32,0.5,1048,0.0001,sgd,45,0.01,0.205,0.0298
344,512,30,32,0.1,1048,0.01,adam,15,0.0001,0.2042,0.1577
231,32,75,32,0.5,64,0.0001,sgd,45,0.01,0.2022,0.0329
54,32,30,16,0.5,1048,0.0001,sgd,45,0.0001,0.2018,0.0692
387,512,75,16,0.1,64,0.0001,adam,45,0.01,0.2012,0.0326
70,32,30,32,0.1,64,0.0001,sgd,45,0.0001,0.2009,0.0626
386,512,75,16,0.1,64,0.0001,adam,45,0.0001,0.1999,0.0358
148,32,75,16,0.1,1048,0.0001,sgd,15,0.0001,0.1994,0.0466
7,32,30,16,0.1,64,0.0001,sgd,45,0.01,0.1991,0.0506
145,32,75,16,0.1,1048,0.0001,adam,15,0.01,0.1989,0.0717
150,32,75,16,0.1,1048,0.0001,sgd,45,0.0001,0.1986,0.0346
389,512,75,16,0.1,64,0.0001,sgd,15,0.01,0.1981,0.0321
188,32,75,16,0.5,1048,0.01,sgd,15,0.0001,0.1966,0.0917
196,32,75,32,0.1,64,0.0001,sgd,15,0.0001,0.1961,0.0355
5,32,30,16,0.1,64,0.0001,sgd,15,0.01,0.1957,0.0702
217,32,75,32,0.1,1048,0.01,adam,15,0.01,0.1954,0.0503
183,32,75,16,0.5,1048,0.0001,sgd,45,0.01,0.1952,0.036
189,32,75,16,0.5,1048,0.01,sgd,15,0.01,0.1949,0.0553
13,32,30,16,0.1,64,0.01,sgd,15,0.01,0.1948,0.072
407,512,75,16,0.1,1048,0.0001,sgd,45,0.01,0.1947,0.0305
484,512,75,32,0.5,64,0.0001,sgd,15,0.0001,0.1925,0.0343
343,512,30,32,0.1,1048,0.0001,sgd,45,0.01,0.1923,0.044
101,32,30,32,0.5,64,0.0001,sgd,15,0.01,0.192,0.098
158,32,75,16,0.1,1048,0.01,sgd,45,0.0001,0.1915,0.1226
471,512,75,32,0.1,1048,0.0001,sgd,45,0.01,0.191,0.0306
228,32,75,32,0.5,64,0.0001,sgd,15,0.0001,0.1904,0.0306
108,32,30,32,0.5,64,0.01,sgd,15,0.0001,0.1901,0.0846
215,32,75,32,0.1,1048,0.0001,sgd,45,0.01,0.19,0.0259
17,32,30,16,0.1,1048,0.0001,adam,15,0.01,0.1894,0.1027
438,512,75,16,0.5,1048,0.0001,sgd,45,0.0001,0.1893,0.0399
152,32,75,16,0.1,1048,0.01,adam,15,0.0001,0.1886,0.0706
14,32,30,16,0.1,64,0.01,sgd,45,0.0001,0.1884,0.1281
503,512,75,32,0.5,1048,0.0001,sgd,45,0.01,0.1881,0.0355
52,32,30,16,0.5,1048,0.0001,sgd,15,0.0001,0.188,0.0995
40,32,30,16,0.5,64,0.01,adam,15,0.0001,0.1874,0.0548
439,512,75,16,0.5,1048,0.0001,sgd,45,0.01,0.187,0.0363
310,512,30,16,0.5,1048,0.0001,sgd,45,0.0001,0.1866,0.0608
388,512,75,16,0.1,64,0.0001,sgd,15,0.0001,0.1862,0.032
30,32,30,16,0.1,1048,0.01,sgd,45,0.0001,0.1852,0.1633
311,512,30,16,0.5,1048,0.0001,sgd,45,0.01,0.185,0.0504
121,32,30,32,0.5,1048,0.01,adam,15,0.01,0.1818,0.0391
453,512,75,32,0.1,64,0.0001,sgd,15,0.01,0.1813,0.0324
419,512,75,16,0.5,64,0.0001,adam,45,0.01,0.181,0.0244
470,512,75,32,0.1,1048,0.0001,sgd,45,0.0001,0.1775,0.0271
94,32,30,32,0.1,1048,0.01,sgd,45,0.0001,0.1772,0.1398
375,512,30,32,0.5,1048,0.0001,sgd,45,0.01,0.1765,0.0544
261,512,30,16,0.1,64,0.0001,sgd,15,0.01,0.1765,0.0406
170,32,75,16,0.5,64,0.01,adam,45,0.0001,0.175,0.0417
420,512,75,16,0.5,64,0.0001,sgd,15,0.0001,0.1749,0.0332
16,32,30,16,0.1,1048,0.0001,adam,15,0.0001,0.1747,0.1103
25,32,30,16,0.1,1048,0.01,adam,15,0.01,0.1744,0.0567
168,32,75,16,0.5,64,0.01,adam,15,0.0001,0.1734,0.0297
233,32,75,32,0.5,64,0.01,adam,15,0.01,0.1724,0.0363
190,32,75,16,0.5,1048,0.01,sgd,45,0.0001,0.1723,0.0943
342,512,30,32,0.1,1048,0.0001,sgd,45,0.0001,0.1722,0.0434
151,32,75,16,0.1,1048,0.0001,sgd,45,0.01,0.1705,0.0236
260,512,30,16,0.1,64,0.0001,sgd,15,0.0001,0.1678,0.0353
120,32,30,32,0.5,1048,0.01,adam,15,0.0001,0.1653,0.0451
9,32,30,16,0.1,64,0.01,adam,15,0.01,0.1648,0.0443
197,32,75,32,0.1,64,0.0001,sgd,15,0.01,0.1642,0.0318
206,32,75,32,0.1,64,0.01,sgd,45,0.0001,0.1637,0.1269
182,32,75,16,0.5,1048,0.0001,sgd,45,0.0001,0.1635,0.0294
100,32,30,32,0.5,64,0.0001,sgd,15,0.0001,0.163,0.0793
325,512,30,32,0.1,64,0.0001,sgd,15,0.01,0.1615,0.0399
6,32,30,16,0.1,64,0.0001,sgd,45,0.0001,0.1605,0.051
39,32,30,16,0.5,64,0.0001,sgd,45,0.01,0.1602,0.0582
169,32,75,16,0.5,64,0.01,adam,15,0.01,0.1602,0.0291
421,512,75,16,0.5,64,0.0001,sgd,15,0.01,0.1586,0.0303
406,512,75,16,0.1,1048,0.0001,sgd,45,0.0001,0.1583,0.0263
192,32,75,32,0.1,64,0.0001,adam,15,0.0001,0.1575,0.0532
240,32,75,32,0.5,1048,0.0001,adam,15,0.0001,0.1563,0.0384
292,512,30,16,0.5,64,0.0001,sgd,15,0.0001,0.1538,0.0457
356,512,30,32,0.5,64,0.0001,sgd,15,0.0001,0.152,0.0417
455,512,75,32,0.1,64,0.0001,sgd,45,0.01,0.1519,0.038
390,512,75,16,0.1,64,0.0001,sgd,45,0.0001,0.1519,0.0345
222,32,75,32,0.1,1048,0.01,sgd,45,0.0001,0.1514,0.1452
172,32,75,16,0.5,64,0.01,sgd,15,0.0001,0.1512,0.0839
236,32,75,32,0.5,64,0.01,sgd,15,0.0001,0.1506,0.0538
24,32,30,16,0.1,1048,0.01,adam,15,0.0001,0.1504,0.0536
209,32,75,32,0.1,1048,0.0001,adam,15,0.01,0.1489,0.0577
57,32,30,16,0.5,1048,0.01,adam,15,0.01,0.1474,0.0346
422,512,75,16,0.5,64,0.0001,sgd,45,0.0001,0.1446,0.0377
201,32,75,32,0.1,64,0.01,adam,15,0.01,0.1445,0.0376
56,32,30,16,0.5,1048,0.01,adam,15,0.0001,0.1433,0.044
279,512,30,16,0.1,1048,0.0001,sgd,45,0.01,0.1431,0.0392
37,32,30,16,0.5,64,0.0001,sgd,15,0.01,0.1421,0.0712
326,512,30,32,0.1,64,0.0001,sgd,45,0.0001,0.1418,0.0349
278,512,30,16,0.1,1048,0.0001,sgd,45,0.0001,0.1381,0.032
144,32,75,16,0.1,1048,0.0001,adam,15,0.0001,0.138,0.06
418,512,75,16,0.5,64,0.0001,adam,45,0.0001,0.1367,0.0158
165,32,75,16,0.5,64,0.0001,sgd,15,0.01,0.1342,0.0232
64,32,30,32,0.1,64,0.0001,adam,15,0.0001,0.1339,0.0604
263,512,30,16,0.1,64,0.0001,sgd,45,0.01,0.1326,0.0311
327,512,30,32,0.1,64,0.0001,sgd,45,0.01,0.13,0.0338
486,512,75,32,0.5,64,0.0001,sgd,45,0.0001,0.1299,0.0299
132,32,75,16,0.1,64,0.0001,sgd,15,0.0001,0.1235,0.0262
249,32,75,32,0.5,1048,0.01,adam,15,0.01,0.1234,0.0925
293,512,30,16,0.5,64,0.0001,sgd,15,0.01,0.1209,0.0464
357,512,30,32,0.5,64,0.0001,sgd,15,0.01,0.1189,0.0273
454,512,75,32,0.1,64,0.0001,sgd,45,0.0001,0.1179,0.0256
137,32,75,16,0.1,64,0.01,adam,15,0.01,0.1178,0.0327
164,32,75,16,0.5,64,0.0001,sgd,15,0.0001,0.1171,0.019
216,32,75,32,0.1,1048,0.01,adam,15,0.0001,0.1169,0.0193
200,32,75,32,0.1,64,0.01,adam,15,0.0001,0.1145,0.0333
156,32,75,16,0.1,1048,0.01,sgd,15,0.0001,0.1135,0.0735
487,512,75,32,0.5,64,0.0001,sgd,45,0.01,0.1101,0.027
358,512,30,32,0.5,64,0.0001,sgd,45,0.0001,0.1078,0.0352
423,512,75,16,0.5,64,0.0001,sgd,45,0.01,0.1076,0.0298
38,32,30,16,0.5,64,0.0001,sgd,45,0.0001,0.106,0.0357
252,32,75,32,0.5,1048,0.01,sgd,15,0.0001,0.105,0.0475
294,512,30,16,0.5,64,0.0001,sgd,45,0.0001,0.1038,0.0349
324,512,30,32,0.1,64,0.0001,sgd,15,0.0001,0.1035,0.0308
391,512,75,16,0.1,64,0.0001,sgd,45,0.01,0.102,0.0221
204,32,75,32,0.1,64,0.01,sgd,15,0.0001,0.0993,0.0394
136,32,75,16,0.1,64,0.01,adam,15,0.0001,0.0986,0.0529
81,32,30,32,0.1,1048,0.0001,adam,15,0.01,0.0972,0.0597
12,32,30,16,0.1,64,0.01,sgd,15,0.0001,0.095,0.0725
359,512,30,32,0.5,64,0.0001,sgd,45,0.01,0.0941,0.0294
248,32,75,32,0.5,1048,0.01,adam,15,0.0001,0.092,0.0146
262,512,30,16,0.1,64,0.0001,sgd,45,0.0001,0.0913,0.0257
501,512,75,32,0.5,1048,0.0001,sgd,15,0.01,0.0891,0.019
8,32,30,16,0.1,64,0.01,adam,15,0.0001,0.0879,0.0471
295,512,30,16,0.5,64,0.0001,sgd,45,0.01,0.0877,0.0294
437,512,75,16,0.5,1048,0.0001,sgd,15,0.01,0.0825,0.0112
208,32,75,32,0.1,1048,0.0001,adam,15,0.0001,0.0816,0.032
436,512,75,16,0.5,1048,0.0001,sgd,15,0.0001,0.08,0.0146
76,32,30,32,0.1,64,0.01,sgd,15,0.0001,0.0799,0.0414
405,512,75,16,0.1,1048,0.0001,sgd,15,0.01,0.0787,0.0108
404,512,75,16,0.1,1048,0.0001,sgd,15,0.0001,0.0718,0.0111
65,32,30,32,0.1,64,0.0001,adam,15,0.01,0.0699,0.0363
500,512,75,32,0.5,1048,0.0001,sgd,15,0.0001,0.0695,0.0092
28,32,30,16,0.1,1048,0.01,sgd,15,0.0001,0.0683,0.0456
220,32,75,32,0.1,1048,0.01,sgd,15,0.0001,0.0624,0.0411
468,512,75,32,0.1,1048,0.0001,sgd,15,0.0001,0.0528,0.0073
80,32,30,32,0.1,1048,0.0001,adam,15,0.0001,0.0519,0.0255
184,32,75,16,0.5,1048,0.01,adam,15,0.0001,0.048,0.0128
92,32,30,32,0.1,1048,0.01,sgd,15,0.0001,0.0462,0.032
185,32,75,16,0.5,1048,0.01,adam,15,0.01,0.0457,0.0048
469,512,75,32,0.1,1048,0.0001,sgd,15,0.01,0.0414,0.0044
232,32,75,32,0.5,64,0.01,adam,15,0.0001,0.0337,0.018
72,32,30,32,0.1,64,0.01,adam,15,0.0001,0.026,0.0204
88,32,30,32,0.1,1048,0.01,adam,15,0.0001,-0.0352,0.0166
