,batch_size,bce_pos_class_weight,dropout_p,hidden_layer_size,input_layer_norm,lr,num_layers,optimizer_type,sequence_length,weight_decay,tss,hss
604,256,35,0.1,4,False,0.01,1,adam,45,0.001,0.4993,0.2375
303,128,65,0.1,2,False,0.025,1,adam,40,0.075,0.4993,0.147
360,128,65,0.3,2,False,0.01,1,adam,15,0.001,0.4934,0.169
389,128,65,0.3,4,False,0.01,1,adam,45,0.075,0.4918,0.1733
617,256,35,0.1,4,False,0.025,1,adam,45,0.075,0.4901,0.2277
736,256,65,0.1,2,False,0.025,1,adam,45,0.001,0.4863,0.1501
615,256,35,0.1,4,False,0.025,1,adam,40,0.075,0.4836,0.2164
357,128,65,0.1,64,False,0.025,2,adam,40,0.075,0.4782,0.1412
185,128,35,0.1,4,False,0.025,1,adam,45,0.075,0.4773,0.2278
377,128,65,0.3,2,False,0.025,1,adam,45,0.075,0.4765,0.1385
603,256,35,0.1,4,False,0.01,1,adam,40,0.075,0.4762,0.2662
749,256,65,0.1,4,False,0.01,1,adam,45,0.075,0.4752,0.2244
171,128,35,0.1,4,False,0.01,1,adam,40,0.075,0.4749,0.2287
217,128,35,0.3,2,False,0.01,1,adam,15,0.075,0.4741,0.2221
639,256,35,0.1,64,False,0.025,1,adam,40,0.075,0.4737,0.2287
689,256,35,0.3,4,False,0.025,1,adam,45,0.075,0.4736,0.2312
374,128,65,0.3,2,False,0.025,1,adam,40,0.001,0.4734,0.1638
686,256,35,0.3,4,False,0.025,1,adam,40,0.001,0.4731,0.2078
742,256,65,0.1,2,False,0.025,2,adam,45,0.001,0.4718,0.1649
809,256,65,0.3,2,False,0.025,1,adam,45,0.075,0.4698,0.2057
819,256,65,0.3,4,False,0.01,1,adam,40,0.075,0.4693,0.2238
243,128,35,0.3,4,False,0.01,1,adam,40,0.075,0.4689,0.2454
677,256,35,0.3,4,False,0.01,1,adam,45,0.075,0.4678,0.2402
257,128,35,0.3,4,False,0.025,1,adam,45,0.075,0.4675,0.2177
713,256,35,0.3,64,False,0.025,1,adam,45,0.075,0.4672,0.2513
293,128,65,0.1,2,False,0.01,1,adam,45,0.075,0.466,0.2033
771,256,65,0.1,64,False,0.01,1,adam,40,0.075,0.465,0.1936
173,128,35,0.1,4,False,0.01,1,adam,45,0.075,0.4643,0.2077
245,128,35,0.3,4,False,0.01,1,adam,45,0.075,0.4642,0.2147
255,128,35,0.3,4,False,0.025,1,adam,40,0.075,0.4639,0.2118
241,128,35,0.3,4,False,0.01,1,adam,15,0.075,0.4638,0.2243
317,128,65,0.1,4,False,0.01,1,adam,45,0.075,0.4633,0.155
316,128,65,0.1,4,False,0.01,1,adam,45,0.001,0.463,0.1549
831,256,65,0.3,4,False,0.025,1,adam,40,0.075,0.4626,0.1429
664,256,35,0.3,2,False,0.025,1,adam,45,0.001,0.4622,0.1755
183,128,35,0.1,4,False,0.025,1,adam,40,0.075,0.4621,0.2036
164,128,35,0.1,2,False,0.025,2,adam,40,0.001,0.462,0.2192
145,128,35,0.1,2,False,0.01,1,adam,15,0.075,0.461,0.2375
362,128,65,0.3,2,False,0.01,1,adam,40,0.001,0.4609,0.1533
747,256,65,0.1,4,False,0.01,1,adam,40,0.075,0.459,0.2124
315,128,65,0.1,4,False,0.01,1,adam,40,0.075,0.4589,0.1735
161,128,35,0.1,2,False,0.025,1,adam,45,0.075,0.4586,0.2259
233,128,35,0.3,2,False,0.025,1,adam,45,0.075,0.4583,0.2536
218,128,35,0.3,2,False,0.01,1,adam,40,0.001,0.4558,0.1738
195,128,35,0.1,64,False,0.01,1,adam,40,0.075,0.4555,0.2206
277,128,35,0.3,64,False,0.025,1,adam,15,0.075,0.455,0.1659
849,256,65,0.3,64,False,0.01,2,adam,40,0.075,0.4549,0.173
687,256,35,0.3,4,False,0.025,1,adam,40,0.075,0.4543,0.1986
397,128,65,0.3,4,False,0.025,1,adam,15,0.075,0.4538,0.1182
699,256,35,0.3,64,False,0.01,1,adam,40,0.075,0.4532,0.2188
629,256,35,0.1,64,False,0.01,1,adam,45,0.075,0.4527,0.1997
221,128,35,0.3,2,False,0.01,1,adam,45,0.075,0.4526,0.2416
773,256,65,0.1,64,False,0.01,1,adam,45,0.075,0.4517,0.1717
711,256,35,0.3,64,False,0.025,1,adam,40,0.075,0.4501,0.2231
392,128,65,0.3,4,False,0.01,2,adam,40,0.001,0.4501,0.1825
339,128,65,0.1,64,False,0.01,1,adam,40,0.075,0.4484,0.1656
851,256,65,0.3,64,False,0.01,2,adam,45,0.075,0.4473,0.1665
399,128,65,0.3,4,False,0.025,1,adam,40,0.075,0.4473,0.1518
401,128,65,0.3,4,False,0.025,1,adam,45,0.075,0.4471,0.1607
818,256,65,0.3,4,False,0.01,1,adam,40,0.001,0.4469,0.1843
748,256,65,0.1,4,False,0.01,1,adam,45,0.001,0.4462,0.1734
327,128,65,0.1,4,False,0.025,1,adam,40,0.075,0.4462,0.1485
329,128,65,0.1,4,False,0.025,1,adam,45,0.075,0.4452,0.153
449,256,15,0.1,2,False,0.025,1,adam,45,0.075,0.4451,0.2824
785,256,65,0.1,64,False,0.025,1,adam,45,0.075,0.4449,0.1446
830,256,65,0.3,4,False,0.025,1,adam,40,0.001,0.4432,0.1743
857,256,65,0.3,64,False,0.025,1,adam,45,0.075,0.4428,0.1612
590,256,35,0.1,2,False,0.025,1,adam,40,0.001,0.4427,0.2158
627,256,35,0.1,64,False,0.01,1,adam,40,0.075,0.4427,0.2096
387,128,65,0.3,4,False,0.01,1,adam,40,0.075,0.4417,0.1574
373,128,65,0.3,2,False,0.025,1,adam,15,0.075,0.441,0.1213
207,128,35,0.1,64,False,0.025,1,adam,40,0.075,0.4409,0.2055
281,128,35,0.3,64,False,0.025,1,adam,45,0.075,0.4406,0.1881
411,128,65,0.3,64,False,0.01,1,adam,40,0.075,0.4386,0.1577
701,256,35,0.3,64,False,0.01,1,adam,45,0.075,0.4384,0.1855
794,256,65,0.3,2,False,0.01,1,adam,40,0.001,0.4383,0.1639
783,256,65,0.1,64,False,0.025,1,adam,40,0.075,0.4378,0.1665
301,128,65,0.1,2,False,0.025,1,adam,15,0.075,0.4376,0.1428
817,256,65,0.3,4,False,0.01,1,adam,15,0.075,0.4375,0.1611
863,256,65,0.3,64,False,0.025,2,adam,45,0.075,0.437,0.1745
779,256,65,0.1,64,False,0.01,2,adam,45,0.075,0.4369,0.1534
279,128,35,0.3,64,False,0.025,1,adam,40,0.075,0.4366,0.2033
843,256,65,0.3,64,False,0.01,1,adam,40,0.075,0.4348,0.1609
833,256,65,0.3,4,False,0.025,1,adam,45,0.075,0.4343,0.1684
855,256,65,0.3,64,False,0.025,1,adam,40,0.075,0.4339,0.1614
693,256,35,0.3,4,False,0.025,2,adam,40,0.075,0.4338,0.1688
267,128,35,0.3,64,False,0.01,1,adam,40,0.075,0.433,0.1944
147,128,35,0.1,2,False,0.01,1,adam,40,0.075,0.4328,0.213
269,128,35,0.3,64,False,0.01,1,adam,45,0.075,0.4327,0.1907
41,128,15,0.1,4,False,0.025,1,adam,45,0.075,0.431,0.2737
275,128,35,0.3,64,False,0.01,2,adam,45,0.075,0.4306,0.1969
582,256,35,0.1,2,False,0.01,2,adam,15,0.001,0.4305,0.1937
423,128,65,0.3,64,False,0.025,1,adam,40,0.075,0.4303,0.1463
325,128,65,0.1,4,False,0.025,1,adam,15,0.075,0.43,0.1452
265,128,35,0.3,64,False,0.01,1,adam,15,0.075,0.4292,0.1967
38,128,15,0.1,4,False,0.025,1,adam,40,0.001,0.4288,0.2558
766,256,65,0.1,4,False,0.025,2,adam,45,0.001,0.4283,0.1654
292,128,65,0.1,2,False,0.01,1,adam,45,0.001,0.4278,0.1554
581,256,35,0.1,2,False,0.01,1,adam,45,0.075,0.4275,0.2128
253,128,35,0.3,4,False,0.025,1,adam,15,0.075,0.427,0.1918
193,128,35,0.1,64,False,0.01,1,adam,15,0.075,0.427,0.1879
649,256,35,0.3,2,False,0.01,1,adam,15,0.075,0.4269,0.1965
761,256,65,0.1,4,False,0.025,1,adam,45,0.075,0.4267,0.1559
364,128,65,0.3,2,False,0.01,1,adam,45,0.001,0.4267,0.1351
431,128,65,0.3,64,False,0.025,2,adam,45,0.075,0.4265,0.1011
209,128,35,0.1,64,False,0.025,1,adam,45,0.075,0.4263,0.1593
176,128,35,0.1,4,False,0.01,2,adam,40,0.001,0.4254,0.2073
759,256,65,0.1,4,False,0.025,1,adam,40,0.075,0.4253,0.1547
156,128,35,0.1,2,False,0.025,1,adam,15,0.001,0.4248,0.1919
170,128,35,0.1,4,False,0.01,1,adam,40,0.001,0.424,0.2008
332,128,65,0.1,4,False,0.025,2,adam,40,0.001,0.424,0.191
764,256,65,0.1,4,False,0.025,2,adam,40,0.001,0.424,0.1755
361,128,65,0.3,2,False,0.01,1,adam,15,0.075,0.4237,0.1607
230,128,35,0.3,2,False,0.025,1,adam,40,0.001,0.423,0.2003
351,128,65,0.1,64,False,0.025,1,adam,40,0.075,0.4227,0.142
380,128,65,0.3,2,False,0.025,2,adam,40,0.001,0.4222,0.1432
396,128,65,0.3,4,False,0.025,1,adam,15,0.001,0.4218,0.138
800,256,65,0.3,2,False,0.01,2,adam,40,0.001,0.4216,0.1343
254,128,35,0.3,4,False,0.025,1,adam,40,0.001,0.4212,0.2032
673,256,35,0.3,4,False,0.01,1,adam,15,0.075,0.4207,0.1897
382,128,65,0.3,2,False,0.025,2,adam,45,0.001,0.4204,0.1673
159,128,35,0.1,2,False,0.025,1,adam,40,0.075,0.4203,0.2378
724,256,65,0.1,2,False,0.01,1,adam,45,0.001,0.4203,0.1285
328,128,65,0.1,4,False,0.025,1,adam,45,0.001,0.4198,0.1488
341,128,65,0.1,64,False,0.01,1,adam,45,0.075,0.4197,0.1427
359,128,65,0.1,64,False,0.025,2,adam,45,0.075,0.4197,0.0973
291,128,65,0.1,2,False,0.01,1,adam,40,0.075,0.4194,0.1563
725,256,65,0.1,2,False,0.01,1,adam,45,0.075,0.4193,0.1746
576,256,35,0.1,2,False,0.01,1,adam,15,0.001,0.4188,0.177
228,128,35,0.3,2,False,0.025,1,adam,15,0.001,0.4184,0.186
644,256,35,0.1,64,False,0.025,2,adam,40,0.001,0.4179,0.2069
203,128,35,0.1,64,False,0.01,2,adam,45,0.075,0.417,0.1955
753,256,65,0.1,4,False,0.01,2,adam,40,0.075,0.417,0.1586
767,256,65,0.1,4,False,0.025,2,adam,45,0.075,0.4165,0.123
395,128,65,0.3,4,False,0.01,2,adam,45,0.075,0.4162,0.1202
305,128,65,0.1,2,False,0.025,1,adam,45,0.075,0.4159,0.1474
473,256,15,0.1,4,False,0.025,1,adam,45,0.075,0.4155,0.2474
593,256,35,0.1,2,False,0.025,1,adam,45,0.075,0.4155,0.1834
842,256,65,0.3,64,False,0.01,1,adam,40,0.001,0.4154,0.1866
178,128,35,0.1,4,False,0.01,2,adam,45,0.001,0.4153,0.181
314,128,65,0.1,4,False,0.01,1,adam,40,0.001,0.4152,0.1755
641,256,35,0.1,64,False,0.025,1,adam,45,0.075,0.4151,0.1768
421,128,65,0.3,64,False,0.025,1,adam,15,0.075,0.4148,0.1217
404,128,65,0.3,4,False,0.025,2,adam,40,0.001,0.4147,0.1552
331,128,65,0.1,4,False,0.025,2,adam,15,0.075,0.4141,0.0885
289,128,65,0.1,2,False,0.01,1,adam,15,0.075,0.4139,0.1531
661,256,35,0.3,2,False,0.025,1,adam,15,0.075,0.4131,0.1896
732,256,65,0.1,2,False,0.025,1,adam,15,0.001,0.4127,0.1284
674,256,35,0.3,4,False,0.01,1,adam,40,0.001,0.4126,0.2087
188,128,35,0.1,4,False,0.025,2,adam,40,0.001,0.4126,0.1774
375,128,65,0.3,2,False,0.025,1,adam,40,0.075,0.4114,0.125
29,128,15,0.1,4,False,0.01,1,adam,45,0.075,0.4111,0.2436
197,128,35,0.1,64,False,0.01,1,adam,45,0.075,0.4109,0.1646
652,256,35,0.3,2,False,0.01,1,adam,45,0.001,0.4101,0.1735
402,128,65,0.3,4,False,0.025,2,adam,15,0.001,0.4094,0.1605
545,256,15,0.3,4,False,0.025,1,adam,45,0.075,0.4087,0.2611
177,128,35,0.1,4,False,0.01,2,adam,40,0.075,0.4087,0.1604
735,256,65,0.1,2,False,0.025,1,adam,40,0.075,0.4085,0.1888
653,256,35,0.3,2,False,0.01,1,adam,45,0.075,0.4082,0.1873
720,256,65,0.1,2,False,0.01,1,adam,15,0.001,0.408,0.1558
169,128,35,0.1,4,False,0.01,1,adam,15,0.075,0.407,0.169
679,256,35,0.3,4,False,0.01,2,adam,15,0.075,0.4068,0.171
72,128,15,0.3,2,False,0.01,1,adam,15,0.001,0.4067,0.2764
829,256,65,0.3,4,False,0.025,1,adam,15,0.075,0.4066,0.1289
294,128,65,0.1,2,False,0.01,2,adam,15,0.001,0.4063,0.1536
371,128,65,0.3,2,False,0.01,2,adam,45,0.075,0.4062,0.1189
181,128,35,0.1,4,False,0.025,1,adam,15,0.075,0.4055,0.1657
304,128,65,0.1,2,False,0.025,1,adam,45,0.001,0.405,0.1341
665,256,35,0.3,2,False,0.025,1,adam,45,0.075,0.4048,0.1941
101,128,15,0.3,4,False,0.01,1,adam,45,0.075,0.4046,0.2589
205,128,35,0.1,64,False,0.025,1,adam,15,0.075,0.4046,0.1665
839,256,65,0.3,4,False,0.025,2,adam,45,0.075,0.4046,0.1093
579,256,35,0.1,2,False,0.01,1,adam,40,0.075,0.4043,0.1856
349,128,65,0.1,64,False,0.025,1,adam,15,0.075,0.4043,0.1308
737,256,65,0.1,2,False,0.025,1,adam,45,0.075,0.404,0.1362
330,128,65,0.1,4,False,0.025,2,adam,15,0.001,0.4037,0.1233
354,128,65,0.1,64,False,0.025,2,adam,15,0.001,0.4036,0.1406
363,128,65,0.3,2,False,0.01,1,adam,40,0.075,0.4036,0.1404
733,256,65,0.1,2,False,0.025,1,adam,15,0.075,0.4028,0.133
704,256,35,0.3,64,False,0.01,2,adam,40,0.001,0.4025,0.2177
744,256,65,0.1,4,False,0.01,1,adam,15,0.001,0.4023,0.1424
754,256,65,0.1,4,False,0.01,2,adam,45,0.001,0.4014,0.1777
231,128,35,0.3,2,False,0.025,1,adam,40,0.075,0.4012,0.161
705,256,35,0.3,64,False,0.01,2,adam,40,0.075,0.4011,0.1733
216,128,35,0.3,2,False,0.01,1,adam,15,0.001,0.4005,0.1632
613,256,35,0.1,4,False,0.025,1,adam,15,0.075,0.4003,0.1435
90,128,15,0.3,2,False,0.025,2,adam,15,0.001,0.4002,0.2272
707,256,35,0.3,64,False,0.01,2,adam,45,0.075,0.4002,0.1731
716,256,35,0.3,64,False,0.025,2,adam,40,0.001,0.4,0.1885
751,256,65,0.1,4,False,0.01,2,adam,15,0.075,0.3999,0.1287
601,256,35,0.1,4,False,0.01,1,adam,15,0.075,0.3998,0.1643
651,256,35,0.3,2,False,0.01,1,adam,40,0.075,0.3994,0.1845
322,128,65,0.1,4,False,0.01,2,adam,45,0.001,0.3992,0.1564
815,256,65,0.3,2,False,0.025,2,adam,45,0.075,0.3992,0.1213
125,128,15,0.3,64,False,0.01,1,adam,45,0.075,0.3991,0.2275
310,128,65,0.1,2,False,0.025,2,adam,45,0.001,0.3991,0.1542
588,256,35,0.1,2,False,0.025,1,adam,15,0.001,0.3989,0.1997
388,128,65,0.3,4,False,0.01,1,adam,45,0.001,0.3988,0.1254
810,256,65,0.3,2,False,0.025,2,adam,15,0.001,0.3986,0.1431
22,128,15,0.1,2,False,0.025,2,adam,45,0.001,0.3984,0.196
591,256,35,0.1,2,False,0.025,1,adam,40,0.075,0.3984,0.191
760,256,65,0.1,4,False,0.025,1,adam,45,0.001,0.3981,0.1555
821,256,65,0.3,4,False,0.01,1,adam,45,0.075,0.398,0.1557
417,128,65,0.3,64,False,0.01,2,adam,40,0.075,0.3978,0.1234
663,256,35,0.3,2,False,0.025,1,adam,40,0.075,0.3977,0.193
186,128,35,0.1,4,False,0.025,2,adam,15,0.001,0.3976,0.16
413,128,65,0.3,64,False,0.01,1,adam,45,0.075,0.3965,0.1363
555,256,15,0.3,64,False,0.01,1,adam,40,0.075,0.3964,0.2359
709,256,35,0.3,64,False,0.025,1,adam,15,0.075,0.3963,0.1548
457,256,15,0.1,4,False,0.01,1,adam,15,0.075,0.396,0.2253
797,256,65,0.3,2,False,0.01,1,adam,45,0.075,0.396,0.1382
273,128,35,0.3,64,False,0.01,2,adam,40,0.075,0.3959,0.168
816,256,65,0.3,4,False,0.01,1,adam,15,0.001,0.3958,0.1462
717,256,35,0.3,64,False,0.025,2,adam,40,0.075,0.3954,0.1608
633,256,35,0.1,64,False,0.01,2,adam,40,0.075,0.3947,0.1758
675,256,35,0.3,4,False,0.01,1,adam,40,0.075,0.3945,0.1777
722,256,65,0.1,2,False,0.01,1,adam,40,0.001,0.3944,0.1463
777,256,65,0.1,64,False,0.01,2,adam,40,0.075,0.3943,0.1389
793,256,65,0.3,2,False,0.01,1,adam,15,0.075,0.3939,0.1322
605,256,35,0.1,4,False,0.01,1,adam,45,0.075,0.3937,0.1677
148,128,35,0.1,2,False,0.01,1,adam,45,0.001,0.3936,0.1788
721,256,65,0.1,2,False,0.01,1,adam,15,0.075,0.3934,0.14
746,256,65,0.1,4,False,0.01,1,adam,40,0.001,0.3933,0.1545
813,256,65,0.3,2,False,0.025,2,adam,40,0.075,0.3931,0.1145
620,256,35,0.1,4,False,0.025,2,adam,40,0.001,0.393,0.177
635,256,35,0.1,64,False,0.01,2,adam,45,0.075,0.393,0.1561
723,256,65,0.1,2,False,0.01,1,adam,40,0.075,0.3928,0.155
625,256,35,0.1,64,False,0.01,1,adam,15,0.075,0.3928,0.1517
98,128,15,0.3,4,False,0.01,1,adam,40,0.001,0.3924,0.2383
602,256,35,0.1,4,False,0.01,1,adam,40,0.001,0.3921,0.1962
685,256,35,0.3,4,False,0.025,1,adam,15,0.075,0.392,0.1631
589,256,35,0.1,2,False,0.025,1,adam,15,0.075,0.3919,0.1266
144,128,35,0.1,2,False,0.01,1,adam,15,0.001,0.3918,0.1708
151,128,35,0.1,2,False,0.01,2,adam,15,0.075,0.3915,0.1649
320,128,65,0.1,4,False,0.01,2,adam,40,0.001,0.3914,0.1509
337,128,65,0.1,64,False,0.01,1,adam,15,0.075,0.3914,0.1273
471,256,15,0.1,4,False,0.025,1,adam,40,0.075,0.3912,0.2447
807,256,65,0.3,2,False,0.025,1,adam,40,0.075,0.391,0.154
53,128,15,0.1,64,False,0.01,1,adam,45,0.075,0.3908,0.212
648,256,35,0.3,2,False,0.01,1,adam,15,0.001,0.3908,0.1785
200,128,35,0.1,64,False,0.01,2,adam,40,0.001,0.3907,0.1937
645,256,35,0.1,64,False,0.025,2,adam,40,0.075,0.3907,0.1456
483,256,15,0.1,64,False,0.01,1,adam,40,0.075,0.3905,0.2185
219,128,35,0.3,2,False,0.01,1,adam,40,0.075,0.3905,0.1628
201,128,35,0.1,64,False,0.01,2,adam,40,0.075,0.3905,0.1575
788,256,65,0.1,64,False,0.025,2,adam,40,0.001,0.3901,0.1541
659,256,35,0.3,2,False,0.01,2,adam,45,0.075,0.3894,0.1558
832,256,65,0.3,4,False,0.025,1,adam,45,0.001,0.3894,0.1366
99,128,15,0.3,4,False,0.01,1,adam,40,0.075,0.3893,0.2315
697,256,35,0.3,64,False,0.01,1,adam,15,0.075,0.3893,0.1496
419,128,65,0.3,64,False,0.01,2,adam,45,0.075,0.3893,0.128
814,256,65,0.3,2,False,0.025,2,adam,45,0.001,0.3891,0.1562
372,128,65,0.3,2,False,0.025,1,adam,15,0.001,0.389,0.1107
440,256,15,0.1,2,False,0.01,2,adam,40,0.001,0.3889,0.2539
150,128,35,0.1,2,False,0.01,2,adam,15,0.001,0.3888,0.1765
647,256,35,0.1,64,False,0.025,2,adam,45,0.075,0.3888,0.1734
394,128,65,0.3,4,False,0.01,2,adam,45,0.001,0.3888,0.1515
592,256,35,0.1,2,False,0.025,1,adam,45,0.001,0.3886,0.1849
623,256,35,0.1,4,False,0.025,2,adam,45,0.075,0.3885,0.1751
0,128,15,0.1,2,False,0.01,1,adam,15,0.001,0.3883,0.2301
837,256,65,0.3,4,False,0.025,2,adam,40,0.075,0.3883,0.1412
734,256,65,0.1,2,False,0.025,1,adam,40,0.001,0.3883,0.1321
805,256,65,0.3,2,False,0.025,1,adam,15,0.075,0.3883,0.1197
160,128,35,0.1,2,False,0.025,1,adam,45,0.001,0.3879,0.1704
763,256,65,0.1,4,False,0.025,2,adam,15,0.075,0.3879,0.1303
835,256,65,0.3,4,False,0.025,2,adam,15,0.075,0.3879,0.1074
719,256,35,0.3,64,False,0.025,2,adam,45,0.075,0.3878,0.1498
469,256,15,0.1,4,False,0.025,1,adam,15,0.075,0.3874,0.2103
334,128,65,0.1,4,False,0.025,2,adam,45,0.001,0.387,0.1546
578,256,35,0.1,2,False,0.01,1,adam,40,0.001,0.3866,0.1622
688,256,35,0.3,4,False,0.025,1,adam,45,0.001,0.3865,0.1716
168,128,35,0.1,4,False,0.01,1,adam,15,0.001,0.3865,0.164
149,128,35,0.1,2,False,0.01,1,adam,45,0.075,0.3864,0.1803
251,128,35,0.3,4,False,0.01,2,adam,45,0.075,0.3862,0.1747
461,256,15,0.1,4,False,0.01,1,adam,45,0.075,0.3855,0.2217
672,256,35,0.3,4,False,0.01,1,adam,15,0.001,0.3855,0.1697
681,256,35,0.3,4,False,0.01,2,adam,40,0.075,0.3853,0.1673
531,256,15,0.3,4,False,0.01,1,adam,40,0.075,0.3851,0.2248
631,256,35,0.1,64,False,0.01,2,adam,15,0.075,0.3849,0.146
727,256,65,0.1,2,False,0.01,2,adam,15,0.075,0.3848,0.1369
636,256,35,0.1,64,False,0.025,1,adam,15,0.001,0.3846,0.1767
812,256,65,0.3,2,False,0.025,2,adam,40,0.001,0.3846,0.1677
803,256,65,0.3,2,False,0.01,2,adam,45,0.075,0.3846,0.1414
432,256,15,0.1,2,False,0.01,1,adam,15,0.001,0.3844,0.2448
668,256,35,0.3,2,False,0.025,2,adam,40,0.001,0.3843,0.1769
557,256,15,0.3,64,False,0.01,1,adam,45,0.075,0.3842,0.196
755,256,65,0.1,4,False,0.01,2,adam,45,0.075,0.3842,0.1398
223,128,35,0.3,2,False,0.01,2,adam,15,0.075,0.3836,0.1423
123,128,15,0.3,64,False,0.01,1,adam,40,0.075,0.3834,0.2075
247,128,35,0.3,4,False,0.01,2,adam,15,0.075,0.3831,0.1636
222,128,35,0.3,2,False,0.01,2,adam,15,0.001,0.3827,0.174
345,128,65,0.1,64,False,0.01,2,adam,40,0.075,0.3827,0.126
607,256,35,0.1,4,False,0.01,2,adam,15,0.075,0.3826,0.1616
249,128,35,0.3,4,False,0.01,2,adam,40,0.075,0.3823,0.1713
210,128,35,0.1,64,False,0.025,2,adam,15,0.001,0.3821,0.1298
155,128,35,0.1,2,False,0.01,2,adam,45,0.075,0.382,0.1676
758,256,65,0.1,4,False,0.025,1,adam,40,0.001,0.3819,0.1518
376,128,65,0.3,2,False,0.025,1,adam,45,0.001,0.3817,0.1383
845,256,65,0.3,64,False,0.01,1,adam,45,0.075,0.3811,0.1238
577,256,35,0.1,2,False,0.01,1,adam,15,0.075,0.3809,0.1774
594,256,35,0.1,2,False,0.025,2,adam,15,0.001,0.3809,0.1643
353,128,65,0.1,64,False,0.025,1,adam,45,0.075,0.3809,0.121
288,128,65,0.1,2,False,0.01,1,adam,15,0.001,0.3807,0.1538
616,256,35,0.1,4,False,0.025,1,adam,45,0.001,0.3805,0.1902
495,256,15,0.1,64,False,0.025,1,adam,40,0.075,0.3804,0.2077
25,128,15,0.1,4,False,0.01,1,adam,15,0.075,0.3804,0.1999
232,128,35,0.3,2,False,0.025,1,adam,45,0.001,0.3802,0.1769
708,256,35,0.3,64,False,0.025,1,adam,15,0.001,0.3802,0.1652
752,256,65,0.1,4,False,0.01,2,adam,40,0.001,0.3801,0.1568
703,256,35,0.3,64,False,0.01,2,adam,15,0.075,0.3799,0.1455
409,128,65,0.3,64,False,0.01,1,adam,15,0.075,0.3799,0.1224
302,128,65,0.1,2,False,0.025,1,adam,40,0.001,0.3796,0.1329
369,128,65,0.3,2,False,0.01,2,adam,40,0.075,0.3795,0.1132
437,256,15,0.1,2,False,0.01,1,adam,45,0.075,0.3784,0.2219
599,256,35,0.1,2,False,0.025,2,adam,45,0.075,0.3783,0.1461
611,256,35,0.1,4,False,0.01,2,adam,45,0.075,0.3782,0.1616
726,256,65,0.1,2,False,0.01,2,adam,15,0.001,0.3779,0.1582
157,128,35,0.1,2,False,0.025,1,adam,15,0.075,0.3779,0.1505
36,128,15,0.1,4,False,0.025,1,adam,15,0.001,0.3777,0.205
600,256,35,0.1,4,False,0.01,1,adam,15,0.001,0.3776,0.1951
823,256,65,0.3,4,False,0.01,2,adam,15,0.075,0.3776,0.1283
683,256,35,0.3,4,False,0.01,2,adam,45,0.075,0.3775,0.1638
622,256,35,0.1,4,False,0.025,2,adam,45,0.001,0.3773,0.1544
662,256,35,0.3,2,False,0.025,1,adam,40,0.001,0.377,0.2249
295,128,65,0.1,2,False,0.01,2,adam,15,0.075,0.377,0.1154
236,128,35,0.3,2,False,0.025,2,adam,40,0.001,0.3769,0.1789
113,128,15,0.3,4,False,0.025,1,adam,45,0.075,0.3767,0.224
597,256,35,0.1,2,False,0.025,2,adam,40,0.075,0.3766,0.1411
154,128,35,0.1,2,False,0.01,2,adam,45,0.001,0.3765,0.1732
321,128,65,0.1,4,False,0.01,2,adam,40,0.075,0.3765,0.1177
282,128,35,0.3,64,False,0.025,2,adam,15,0.001,0.3762,0.2014
299,128,65,0.1,2,False,0.01,2,adam,45,0.075,0.3761,0.1381
795,256,65,0.3,2,False,0.01,1,adam,40,0.075,0.3759,0.1416
179,128,35,0.1,4,False,0.01,2,adam,45,0.075,0.3759,0.1371
215,128,35,0.1,64,False,0.025,2,adam,45,0.075,0.3759,0.1136
427,128,65,0.3,64,False,0.025,2,adam,15,0.075,0.3759,0.0933
118,128,15,0.3,4,False,0.025,2,adam,45,0.001,0.3758,0.2068
383,128,65,0.3,2,False,0.025,2,adam,45,0.075,0.3756,0.1066
37,128,15,0.1,4,False,0.025,1,adam,15,0.075,0.3755,0.189
621,256,35,0.1,4,False,0.025,2,adam,40,0.075,0.3754,0.1435
715,256,35,0.3,64,False,0.025,2,adam,15,0.075,0.3753,0.1493
313,128,65,0.1,4,False,0.01,1,adam,15,0.075,0.3753,0.1263
827,256,65,0.3,4,False,0.01,2,adam,45,0.075,0.375,0.1416
861,256,65,0.3,64,False,0.025,2,adam,40,0.075,0.375,0.1203
741,256,65,0.1,2,False,0.025,2,adam,40,0.075,0.3742,0.1462
567,256,15,0.3,64,False,0.025,1,adam,40,0.075,0.3741,0.2091
731,256,65,0.1,2,False,0.01,2,adam,45,0.075,0.374,0.1377
261,128,35,0.3,4,False,0.025,2,adam,40,0.075,0.3737,0.1474
643,256,35,0.1,64,False,0.025,2,adam,15,0.075,0.3736,0.1371
336,128,65,0.1,64,False,0.01,1,adam,15,0.001,0.3734,0.1643
619,256,35,0.1,4,False,0.025,2,adam,15,0.075,0.3732,0.1246
242,128,35,0.3,4,False,0.01,1,adam,40,0.001,0.373,0.1652
296,128,65,0.1,2,False,0.01,2,adam,40,0.001,0.373,0.1523
712,256,35,0.3,64,False,0.025,1,adam,45,0.001,0.3728,0.2013
452,256,15,0.1,2,False,0.025,2,adam,40,0.001,0.3727,0.2104
367,128,65,0.3,2,False,0.01,2,adam,15,0.075,0.3725,0.1198
529,256,15,0.3,4,False,0.01,1,adam,15,0.075,0.3723,0.2044
260,128,35,0.3,4,False,0.025,2,adam,40,0.001,0.3723,0.1393
426,128,65,0.3,64,False,0.025,2,adam,15,0.001,0.3723,0.1347
229,128,35,0.3,2,False,0.025,1,adam,15,0.075,0.3721,0.1032
152,128,35,0.1,2,False,0.01,2,adam,40,0.001,0.3719,0.1801
406,128,65,0.3,4,False,0.025,2,adam,45,0.001,0.3716,0.1281
456,256,15,0.1,4,False,0.01,1,adam,15,0.001,0.3715,0.2323
695,256,35,0.3,4,False,0.025,2,adam,45,0.075,0.3712,0.1409
464,256,15,0.1,4,False,0.01,2,adam,40,0.001,0.3711,0.2051
528,256,15,0.3,4,False,0.01,1,adam,15,0.001,0.3711,0.2046
61,128,15,0.1,64,False,0.025,1,adam,15,0.075,0.3711,0.1592
802,256,65,0.3,2,False,0.01,2,adam,45,0.001,0.371,0.143
307,128,65,0.1,2,False,0.025,2,adam,15,0.075,0.371,0.1156
828,256,65,0.3,4,False,0.025,1,adam,15,0.001,0.3708,0.1319
798,256,65,0.3,2,False,0.01,2,adam,15,0.001,0.3707,0.1583
133,128,15,0.3,64,False,0.025,1,adam,15,0.075,0.3706,0.1747
656,256,35,0.3,2,False,0.01,2,adam,40,0.001,0.3706,0.1745
481,256,15,0.1,64,False,0.01,1,adam,15,0.075,0.3705,0.1964
57,128,15,0.1,64,False,0.01,2,adam,40,0.075,0.3704,0.1924
852,256,65,0.3,64,False,0.025,1,adam,15,0.001,0.3704,0.1451
637,256,35,0.1,64,False,0.025,1,adam,15,0.075,0.3704,0.1396
580,256,35,0.1,2,False,0.01,1,adam,45,0.001,0.3703,0.1871
789,256,65,0.1,64,False,0.025,2,adam,40,0.075,0.3702,0.1091
46,128,15,0.1,4,False,0.025,2,adam,45,0.001,0.37,0.1992
787,256,65,0.1,64,False,0.025,2,adam,15,0.075,0.3696,0.0794
284,128,35,0.3,64,False,0.025,2,adam,40,0.001,0.3694,0.1691
308,128,65,0.1,2,False,0.025,2,adam,40,0.001,0.3693,0.1457
80,128,15,0.3,2,False,0.01,2,adam,40,0.001,0.3692,0.1938
124,128,15,0.3,64,False,0.01,1,adam,45,0.001,0.3691,0.2166
841,256,65,0.3,64,False,0.01,1,adam,15,0.075,0.369,0.1186
769,256,65,0.1,64,False,0.01,1,adam,15,0.075,0.369,0.1156
415,128,65,0.3,64,False,0.01,2,adam,15,0.075,0.369,0.1122
343,128,65,0.1,64,False,0.01,2,adam,15,0.075,0.3688,0.1088
240,128,35,0.3,4,False,0.01,1,adam,15,0.001,0.3687,0.173
18,128,15,0.1,2,False,0.025,2,adam,15,0.001,0.3686,0.2323
264,128,35,0.3,64,False,0.01,1,adam,15,0.001,0.3685,0.187
271,128,35,0.3,64,False,0.01,2,adam,15,0.075,0.3685,0.1435
199,128,35,0.1,64,False,0.01,2,adam,15,0.075,0.3684,0.145
276,128,35,0.3,64,False,0.025,1,adam,15,0.001,0.3682,0.1526
287,128,35,0.3,64,False,0.025,2,adam,45,0.075,0.3678,0.1037
250,128,35,0.3,4,False,0.01,2,adam,45,0.001,0.3677,0.1683
584,256,35,0.1,2,False,0.01,2,adam,40,0.001,0.3674,0.1488
563,256,15,0.3,64,False,0.01,2,adam,45,0.075,0.3673,0.2177
2,128,15,0.1,2,False,0.01,1,adam,40,0.001,0.3671,0.2398
213,128,35,0.1,64,False,0.025,2,adam,40,0.075,0.3671,0.1153
385,128,65,0.3,4,False,0.01,1,adam,15,0.075,0.3671,0.109
306,128,65,0.1,2,False,0.025,2,adam,15,0.001,0.367,0.1362
407,128,65,0.3,4,False,0.025,2,adam,45,0.075,0.367,0.1121
739,256,65,0.1,2,False,0.025,2,adam,15,0.075,0.3669,0.108
248,128,35,0.3,4,False,0.01,2,adam,40,0.001,0.3667,0.1967
650,256,35,0.3,2,False,0.01,1,adam,40,0.001,0.3667,0.1824
297,128,65,0.1,2,False,0.01,2,adam,40,0.075,0.3666,0.1272
806,256,65,0.3,2,False,0.025,1,adam,40,0.001,0.3666,0.1126
135,128,15,0.3,64,False,0.025,1,adam,40,0.075,0.3664,0.1893
692,256,35,0.3,4,False,0.025,2,adam,40,0.001,0.3664,0.1708
586,256,35,0.1,2,False,0.01,2,adam,45,0.001,0.3664,0.1602
17,128,15,0.1,2,False,0.025,1,adam,45,0.075,0.3663,0.2371
87,128,15,0.3,2,False,0.025,1,adam,40,0.075,0.3663,0.2068
710,256,35,0.3,64,False,0.025,1,adam,40,0.001,0.3662,0.1622
553,256,15,0.3,64,False,0.01,1,adam,15,0.075,0.3656,0.2019
182,128,35,0.1,4,False,0.025,1,adam,40,0.001,0.3656,0.1746
393,128,65,0.3,4,False,0.01,2,adam,40,0.075,0.3655,0.1148
612,256,35,0.1,4,False,0.025,1,adam,15,0.001,0.3653,0.1815
312,128,65,0.1,4,False,0.01,1,adam,15,0.001,0.365,0.1499
358,128,65,0.1,64,False,0.025,2,adam,45,0.001,0.3649,0.1501
347,128,65,0.1,64,False,0.01,2,adam,45,0.075,0.3649,0.1083
224,128,35,0.3,2,False,0.01,2,adam,40,0.001,0.3648,0.1979
73,128,15,0.3,2,False,0.01,1,adam,15,0.075,0.3648,0.1958
574,256,15,0.3,64,False,0.025,2,adam,45,0.001,0.3646,0.2134
626,256,35,0.1,64,False,0.01,1,adam,40,0.001,0.3646,0.1982
765,256,65,0.1,4,False,0.025,2,adam,40,0.075,0.3645,0.1162
519,256,15,0.3,2,False,0.025,1,adam,40,0.075,0.3631,0.2134
491,256,15,0.1,64,False,0.01,2,adam,45,0.075,0.3631,0.2118
718,256,35,0.3,64,False,0.025,2,adam,45,0.001,0.3627,0.153
781,256,65,0.1,64,False,0.025,1,adam,15,0.075,0.3627,0.1107
126,128,15,0.3,64,False,0.01,2,adam,15,0.001,0.3626,0.2045
342,128,65,0.1,64,False,0.01,2,adam,15,0.001,0.3625,0.1385
533,256,15,0.3,4,False,0.01,1,adam,45,0.075,0.3622,0.2071
684,256,35,0.3,4,False,0.025,1,adam,15,0.001,0.3622,0.1687
453,256,15,0.1,2,False,0.025,2,adam,40,0.075,0.3621,0.2146
285,128,35,0.3,64,False,0.025,2,adam,40,0.075,0.3621,0.1142
834,256,65,0.3,4,False,0.025,2,adam,15,0.001,0.3619,0.1447
745,256,65,0.1,4,False,0.01,1,adam,15,0.075,0.3617,0.1323
775,256,65,0.1,64,False,0.01,2,adam,15,0.075,0.3616,0.1005
820,256,65,0.3,4,False,0.01,1,adam,45,0.001,0.3612,0.1021
543,256,15,0.3,4,False,0.025,1,adam,40,0.075,0.3611,0.2569
238,128,35,0.3,2,False,0.025,2,adam,45,0.001,0.361,0.1892
444,256,15,0.1,2,False,0.025,1,adam,15,0.001,0.3605,0.2174
698,256,35,0.3,64,False,0.01,1,adam,40,0.001,0.3605,0.1729
776,256,65,0.1,64,False,0.01,2,adam,40,0.001,0.3605,0.1522
138,128,15,0.3,64,False,0.025,2,adam,15,0.001,0.3604,0.1709
541,256,15,0.3,4,False,0.025,1,adam,15,0.075,0.3603,0.1915
344,128,65,0.1,64,False,0.01,2,adam,40,0.001,0.36,0.161
51,128,15,0.1,64,False,0.01,1,adam,40,0.075,0.3599,0.2202
180,128,35,0.1,4,False,0.025,1,adam,15,0.001,0.3599,0.1609
256,128,35,0.3,4,False,0.025,1,adam,45,0.001,0.3599,0.158
497,256,15,0.1,64,False,0.025,1,adam,45,0.075,0.3598,0.2351
212,128,35,0.1,64,False,0.025,2,adam,40,0.001,0.3598,0.1639
430,128,65,0.3,64,False,0.025,2,adam,45,0.001,0.3597,0.1298
425,128,65,0.3,64,False,0.025,1,adam,45,0.075,0.3595,0.098
569,256,15,0.3,64,False,0.025,1,adam,45,0.075,0.3592,0.2344
844,256,65,0.3,64,False,0.01,1,adam,45,0.001,0.3591,0.1635
63,128,15,0.1,64,False,0.025,1,adam,40,0.075,0.359,0.1861
174,128,35,0.1,4,False,0.01,2,adam,15,0.001,0.359,0.1733
121,128,15,0.3,64,False,0.01,1,adam,15,0.075,0.3588,0.1845
804,256,65,0.3,2,False,0.025,1,adam,15,0.001,0.3588,0.0995
13,128,15,0.1,2,False,0.025,1,adam,15,0.075,0.3587,0.1846
49,128,15,0.1,64,False,0.01,1,adam,15,0.075,0.3587,0.1763
97,128,15,0.3,4,False,0.01,1,adam,15,0.075,0.3585,0.2122
378,128,65,0.3,2,False,0.025,2,adam,15,0.001,0.3585,0.1436
102,128,15,0.3,4,False,0.01,2,adam,15,0.001,0.3581,0.2125
691,256,35,0.3,4,False,0.025,2,adam,15,0.075,0.358,0.1475
856,256,65,0.3,64,False,0.025,1,adam,45,0.001,0.3579,0.1491
750,256,65,0.1,4,False,0.01,2,adam,15,0.001,0.3575,0.1575
694,256,35,0.3,4,False,0.025,2,adam,45,0.001,0.3575,0.1574
847,256,65,0.3,64,False,0.01,2,adam,15,0.075,0.3575,0.1002
459,256,15,0.1,4,False,0.01,1,adam,40,0.075,0.3574,0.2048
808,256,65,0.3,2,False,0.025,1,adam,45,0.001,0.3574,0.1015
146,128,35,0.1,2,False,0.01,1,adam,40,0.001,0.3572,0.1529
129,128,15,0.3,64,False,0.01,2,adam,40,0.075,0.3571,0.1905
220,128,35,0.3,2,False,0.01,1,adam,45,0.001,0.3568,0.1826
96,128,15,0.3,4,False,0.01,1,adam,15,0.001,0.3561,0.2125
791,256,65,0.1,64,False,0.025,2,adam,45,0.075,0.3561,0.1104
536,256,15,0.3,4,False,0.01,2,adam,40,0.001,0.356,0.195
682,256,35,0.3,4,False,0.01,2,adam,45,0.001,0.3558,0.1724
162,128,35,0.1,2,False,0.025,2,adam,15,0.001,0.3558,0.1442
280,128,35,0.3,64,False,0.025,1,adam,45,0.001,0.3557,0.1766
479,256,15,0.1,4,False,0.025,2,adam,45,0.075,0.3555,0.1929
506,256,15,0.3,2,False,0.01,1,adam,40,0.001,0.3552,0.2797
558,256,15,0.3,64,False,0.01,2,adam,15,0.001,0.3552,0.2062
646,256,35,0.1,64,False,0.025,2,adam,45,0.001,0.3552,0.164
660,256,35,0.3,2,False,0.025,1,adam,15,0.001,0.3552,0.1537
366,128,65,0.3,2,False,0.01,2,adam,15,0.001,0.3551,0.1303
211,128,35,0.1,64,False,0.025,2,adam,15,0.075,0.3551,0.1136
824,256,65,0.3,4,False,0.01,2,adam,40,0.001,0.355,0.1539
700,256,35,0.3,64,False,0.01,1,adam,45,0.001,0.3549,0.1826
728,256,65,0.1,2,False,0.01,2,adam,40,0.001,0.3549,0.1395
446,256,15,0.1,2,False,0.025,1,adam,40,0.001,0.3548,0.222
262,128,35,0.3,4,False,0.025,2,adam,45,0.001,0.3548,0.173
283,128,35,0.3,64,False,0.025,2,adam,15,0.075,0.3548,0.0958
566,256,15,0.3,64,False,0.025,1,adam,40,0.001,0.3546,0.2053
614,256,35,0.1,4,False,0.025,1,adam,40,0.001,0.3546,0.1467
141,128,15,0.3,64,False,0.025,2,adam,40,0.075,0.3545,0.1872
429,128,65,0.3,64,False,0.025,2,adam,40,0.075,0.3545,0.0958
502,256,15,0.1,64,False,0.025,2,adam,45,0.001,0.3544,0.2078
65,128,15,0.1,64,False,0.025,1,adam,45,0.075,0.3544,0.1646
391,128,65,0.3,4,False,0.01,2,adam,15,0.075,0.3542,0.0987
494,256,15,0.1,64,False,0.025,1,adam,40,0.001,0.354,0.1947
112,128,15,0.3,4,False,0.025,1,adam,45,0.001,0.354,0.1884
493,256,15,0.1,64,False,0.025,1,adam,15,0.075,0.354,0.1812
252,128,35,0.3,4,False,0.025,1,adam,15,0.001,0.3539,0.1529
326,128,65,0.1,4,False,0.025,1,adam,40,0.001,0.3539,0.1147
542,256,15,0.3,4,False,0.025,1,adam,40,0.001,0.3537,0.2157
796,256,65,0.3,2,False,0.01,1,adam,45,0.001,0.3537,0.1002
507,256,15,0.3,2,False,0.01,1,adam,40,0.075,0.3532,0.221
60,128,15,0.1,64,False,0.025,1,adam,15,0.001,0.3532,0.1761
263,128,35,0.3,4,False,0.025,2,adam,45,0.075,0.3532,0.1093
368,128,65,0.3,2,False,0.01,2,adam,40,0.001,0.3527,0.1537
333,128,65,0.1,4,False,0.025,2,adam,40,0.075,0.3524,0.1039
840,256,65,0.3,64,False,0.01,1,adam,15,0.001,0.3523,0.149
428,128,65,0.3,64,False,0.025,2,adam,40,0.001,0.3523,0.1257
278,128,35,0.3,64,False,0.025,1,adam,40,0.001,0.3519,0.176
204,128,35,0.1,64,False,0.025,1,adam,15,0.001,0.3519,0.1678
234,128,35,0.3,2,False,0.025,2,adam,15,0.001,0.3517,0.1501
59,128,15,0.1,64,False,0.01,2,adam,45,0.075,0.3516,0.1855
167,128,35,0.1,2,False,0.025,2,adam,45,0.075,0.3516,0.1529
132,128,15,0.3,64,False,0.025,1,adam,15,0.001,0.3515,0.1715
384,128,65,0.3,4,False,0.01,1,adam,15,0.001,0.3513,0.1288
448,256,15,0.1,2,False,0.025,1,adam,45,0.001,0.3511,0.2214
538,256,15,0.3,4,False,0.01,2,adam,45,0.001,0.351,0.2029
172,128,35,0.1,4,False,0.01,1,adam,45,0.001,0.3509,0.1709
3,128,15,0.1,2,False,0.01,1,adam,40,0.075,0.3508,0.2087
570,256,15,0.3,64,False,0.025,2,adam,15,0.001,0.3508,0.1962
521,256,15,0.3,2,False,0.025,1,adam,45,0.075,0.3506,0.2097
111,128,15,0.3,4,False,0.025,1,adam,40,0.075,0.3505,0.1717
42,128,15,0.1,4,False,0.025,2,adam,15,0.001,0.3502,0.1865
192,128,35,0.1,64,False,0.01,1,adam,15,0.001,0.3502,0.1765
319,128,65,0.1,4,False,0.01,2,adam,15,0.075,0.3502,0.0969
472,256,15,0.1,4,False,0.025,1,adam,45,0.001,0.3501,0.214
100,128,15,0.3,4,False,0.01,1,adam,45,0.001,0.35,0.2225
696,256,35,0.3,64,False,0.01,1,adam,15,0.001,0.3498,0.1856
114,128,15,0.3,4,False,0.025,2,adam,15,0.001,0.3498,0.1675
465,256,15,0.1,4,False,0.01,2,adam,40,0.075,0.3497,0.1939
628,256,35,0.1,64,False,0.01,1,adam,45,0.001,0.3497,0.1827
350,128,65,0.1,64,False,0.025,1,adam,40,0.001,0.3497,0.1405
311,128,65,0.1,2,False,0.025,2,adam,45,0.075,0.3497,0.105
137,128,15,0.3,64,False,0.025,1,adam,45,0.075,0.3496,0.1928
826,256,65,0.3,4,False,0.01,2,adam,45,0.001,0.3493,0.1556
743,256,65,0.1,2,False,0.025,2,adam,45,0.075,0.3493,0.1249
454,256,15,0.1,2,False,0.025,2,adam,45,0.001,0.3491,0.2002
505,256,15,0.3,2,False,0.01,1,adam,15,0.075,0.349,0.2263
348,128,65,0.1,64,False,0.025,1,adam,15,0.001,0.349,0.1393
784,256,65,0.1,64,False,0.025,1,adam,45,0.001,0.349,0.1381
390,128,65,0.3,4,False,0.01,2,adam,15,0.001,0.3489,0.138
757,256,65,0.1,4,False,0.025,1,adam,15,0.075,0.3489,0.0875
501,256,15,0.1,64,False,0.025,2,adam,40,0.075,0.3488,0.1838
838,256,65,0.3,4,False,0.025,2,adam,45,0.001,0.3487,0.1166
447,256,15,0.1,2,False,0.025,1,adam,40,0.075,0.3486,0.2091
790,256,65,0.1,64,False,0.025,2,adam,45,0.001,0.3486,0.1544
356,128,65,0.1,64,False,0.025,2,adam,40,0.001,0.3486,0.1382
489,256,15,0.1,64,False,0.01,2,adam,40,0.075,0.3483,0.2142
89,128,15,0.3,2,False,0.025,1,adam,45,0.075,0.3482,0.2094
770,256,65,0.1,64,False,0.01,1,adam,40,0.001,0.3482,0.1651
30,128,15,0.1,4,False,0.01,2,adam,15,0.001,0.348,0.2038
422,128,65,0.3,64,False,0.025,1,adam,40,0.001,0.348,0.1589
676,256,35,0.3,4,False,0.01,1,adam,45,0.001,0.3477,0.1797
420,128,65,0.3,64,False,0.025,1,adam,15,0.001,0.3477,0.1253
208,128,35,0.1,64,False,0.025,1,adam,45,0.001,0.3475,0.1423
15,128,15,0.1,2,False,0.025,1,adam,40,0.075,0.3474,0.2104
107,128,15,0.3,4,False,0.01,2,adam,45,0.075,0.3471,0.208
338,128,65,0.1,64,False,0.01,1,adam,40,0.001,0.347,0.1542
565,256,15,0.3,64,False,0.025,1,adam,15,0.075,0.3468,0.168
365,128,65,0.3,2,False,0.01,1,adam,45,0.075,0.3467,0.1
4,128,15,0.1,2,False,0.01,1,adam,45,0.001,0.3466,0.1924
768,256,65,0.1,64,False,0.01,1,adam,15,0.001,0.3465,0.1574
632,256,35,0.1,64,False,0.01,2,adam,40,0.001,0.3458,0.2153
131,128,15,0.3,64,False,0.01,2,adam,45,0.075,0.3458,0.193
206,128,35,0.1,64,False,0.025,1,adam,40,0.001,0.3456,0.1545
196,128,35,0.1,64,False,0.01,1,adam,45,0.001,0.3456,0.1524
403,128,65,0.3,4,False,0.025,2,adam,15,0.075,0.3455,0.0715
298,128,65,0.1,2,False,0.01,2,adam,45,0.001,0.3454,0.1458
405,128,65,0.3,4,False,0.025,2,adam,40,0.075,0.3454,0.1178
109,128,15,0.3,4,False,0.025,1,adam,15,0.075,0.3451,0.1656
860,256,65,0.3,64,False,0.025,2,adam,40,0.001,0.3449,0.1514
786,256,65,0.1,64,False,0.025,2,adam,15,0.001,0.3449,0.1213
184,128,35,0.1,4,False,0.025,1,adam,45,0.001,0.3447,0.1635
640,256,35,0.1,64,False,0.025,1,adam,45,0.001,0.3445,0.1546
552,256,15,0.3,64,False,0.01,1,adam,15,0.001,0.3444,0.2038
45,128,15,0.1,4,False,0.025,2,adam,40,0.075,0.3441,0.1622
740,256,65,0.1,2,False,0.025,2,adam,40,0.001,0.344,0.1478
191,128,35,0.1,4,False,0.025,2,adam,45,0.075,0.3439,0.1275
485,256,15,0.1,64,False,0.01,1,adam,45,0.075,0.3438,0.2025
268,128,35,0.3,64,False,0.01,1,adam,45,0.001,0.3436,0.1675
239,128,35,0.3,2,False,0.025,2,adam,45,0.075,0.3433,0.1505
510,256,15,0.3,2,False,0.01,2,adam,15,0.001,0.3432,0.1836
822,256,65,0.3,4,False,0.01,2,adam,15,0.001,0.3432,0.1425
854,256,65,0.3,64,False,0.025,1,adam,40,0.001,0.3432,0.139
782,256,65,0.1,64,False,0.025,1,adam,40,0.001,0.3431,0.1522
517,256,15,0.3,2,False,0.025,1,adam,15,0.075,0.343,0.1944
774,256,65,0.1,64,False,0.01,2,adam,15,0.001,0.3429,0.1426
272,128,35,0.3,64,False,0.01,2,adam,40,0.001,0.3429,0.1423
606,256,35,0.1,4,False,0.01,2,adam,15,0.001,0.3428,0.1771
68,128,15,0.1,64,False,0.025,2,adam,40,0.001,0.3427,0.2048
266,128,35,0.3,64,False,0.01,1,adam,40,0.001,0.3426,0.1547
780,256,65,0.1,64,False,0.025,1,adam,15,0.001,0.3424,0.1403
398,128,65,0.3,4,False,0.025,1,adam,40,0.001,0.3423,0.1259
136,128,15,0.3,64,False,0.025,1,adam,45,0.001,0.3416,0.2227
27,128,15,0.1,4,False,0.01,1,adam,40,0.075,0.3414,0.1971
352,128,65,0.1,64,False,0.025,1,adam,45,0.001,0.3414,0.1376
477,256,15,0.1,4,False,0.025,2,adam,40,0.075,0.3413,0.1895
75,128,15,0.3,2,False,0.01,1,adam,40,0.075,0.341,0.2039
324,128,65,0.1,4,False,0.025,1,adam,15,0.001,0.3409,0.1172
64,128,15,0.1,64,False,0.025,1,adam,45,0.001,0.3408,0.2119
158,128,35,0.1,2,False,0.025,1,adam,40,0.001,0.3408,0.1619
142,128,15,0.3,64,False,0.025,2,adam,45,0.001,0.3405,0.1806
274,128,35,0.3,64,False,0.01,2,adam,45,0.001,0.3402,0.1678
16,128,15,0.1,2,False,0.025,1,adam,45,0.001,0.34,0.1785
39,128,15,0.1,4,False,0.025,1,adam,40,0.075,0.34,0.1616
386,128,65,0.3,4,False,0.01,1,adam,40,0.001,0.34,0.1184
435,256,15,0.1,2,False,0.01,1,adam,40,0.075,0.3398,0.2048
537,256,15,0.3,4,False,0.01,2,adam,40,0.075,0.3397,0.1971
166,128,35,0.1,2,False,0.025,2,adam,45,0.001,0.3392,0.1906
466,256,15,0.1,4,False,0.01,2,adam,45,0.001,0.3392,0.1771
71,128,15,0.1,64,False,0.025,2,adam,45,0.075,0.3392,0.1664
756,256,65,0.1,4,False,0.025,1,adam,15,0.001,0.3392,0.1208
198,128,35,0.1,64,False,0.01,2,adam,15,0.001,0.3391,0.1849
105,128,15,0.3,4,False,0.01,2,adam,40,0.075,0.3391,0.1777
128,128,15,0.3,64,False,0.01,2,adam,40,0.001,0.3388,0.1834
680,256,35,0.3,4,False,0.01,2,adam,40,0.001,0.3388,0.1803
738,256,65,0.1,2,False,0.025,2,adam,15,0.001,0.3388,0.1263
496,256,15,0.1,64,False,0.025,1,adam,45,0.001,0.3387,0.2023
573,256,15,0.3,64,False,0.025,2,adam,40,0.075,0.3387,0.1937
503,256,15,0.1,64,False,0.025,2,adam,45,0.075,0.3387,0.1651
82,128,15,0.3,2,False,0.01,2,adam,45,0.001,0.3386,0.1995
859,256,65,0.3,64,False,0.025,2,adam,15,0.075,0.3385,0.0895
706,256,35,0.3,64,False,0.01,2,adam,45,0.001,0.3384,0.1917
522,256,15,0.3,2,False,0.025,2,adam,15,0.001,0.3379,0.1802
484,256,15,0.1,64,False,0.01,1,adam,45,0.001,0.3376,0.1887
106,128,15,0.3,4,False,0.01,2,adam,45,0.001,0.3376,0.1739
424,128,65,0.3,64,False,0.025,1,adam,45,0.001,0.3376,0.1481
214,128,35,0.1,64,False,0.025,2,adam,45,0.001,0.3374,0.1512
110,128,15,0.3,4,False,0.025,1,adam,40,0.001,0.3373,0.1911
516,256,15,0.3,2,False,0.025,1,adam,15,0.001,0.3372,0.2129
598,256,35,0.1,2,False,0.025,2,adam,45,0.001,0.3368,0.1745
235,128,35,0.3,2,False,0.025,2,adam,15,0.075,0.3368,0.1044
556,256,15,0.3,64,False,0.01,1,adam,45,0.001,0.3366,0.2154
412,128,65,0.3,64,False,0.01,1,adam,45,0.001,0.3366,0.1311
35,128,15,0.1,4,False,0.01,2,adam,45,0.075,0.3365,0.2126
1,128,15,0.1,2,False,0.01,1,adam,15,0.075,0.3365,0.1956
610,256,35,0.1,4,False,0.01,2,adam,45,0.001,0.3363,0.1782
634,256,35,0.1,64,False,0.01,2,adam,45,0.001,0.3362,0.1613
12,128,15,0.1,2,False,0.025,1,adam,15,0.001,0.3361,0.1959
654,256,35,0.3,2,False,0.01,2,adam,15,0.001,0.336,0.1778
410,128,65,0.3,64,False,0.01,1,adam,40,0.001,0.336,0.1352
69,128,15,0.1,64,False,0.025,2,adam,40,0.075,0.3355,0.1886
408,128,65,0.3,64,False,0.01,1,adam,15,0.001,0.3355,0.1315
120,128,15,0.3,64,False,0.01,1,adam,15,0.001,0.3354,0.1809
189,128,35,0.1,4,False,0.025,2,adam,40,0.075,0.3354,0.1399
433,256,15,0.1,2,False,0.01,1,adam,15,0.075,0.3351,0.207
140,128,15,0.3,64,False,0.025,2,adam,40,0.001,0.3351,0.1766
690,256,35,0.3,4,False,0.025,2,adam,15,0.001,0.335,0.1409
52,128,15,0.1,64,False,0.01,1,adam,45,0.001,0.3345,0.1865
318,128,65,0.1,4,False,0.01,2,adam,15,0.001,0.3345,0.1358
244,128,35,0.3,4,False,0.01,1,adam,45,0.001,0.3344,0.1837
270,128,35,0.3,64,False,0.01,2,adam,15,0.001,0.3343,0.1629
530,256,15,0.3,4,False,0.01,1,adam,40,0.001,0.3341,0.2182
55,128,15,0.1,64,False,0.01,2,adam,15,0.075,0.3338,0.1704
666,256,35,0.3,2,False,0.025,2,adam,15,0.001,0.3338,0.153
246,128,35,0.3,4,False,0.01,2,adam,15,0.001,0.3336,0.1647
702,256,35,0.3,64,False,0.01,2,adam,15,0.001,0.3334,0.1732
84,128,15,0.3,2,False,0.025,1,adam,15,0.001,0.3333,0.2383
323,128,65,0.1,4,False,0.01,2,adam,45,0.075,0.3331,0.1217
670,256,35,0.3,2,False,0.025,2,adam,45,0.001,0.333,0.1408
259,128,35,0.3,4,False,0.025,2,adam,15,0.075,0.333,0.106
772,256,65,0.1,64,False,0.01,1,adam,45,0.001,0.3327,0.1422
335,128,65,0.1,4,False,0.025,2,adam,45,0.075,0.3327,0.1107
414,128,65,0.3,64,False,0.01,2,adam,15,0.001,0.3326,0.1421
596,256,35,0.1,2,False,0.025,2,adam,40,0.001,0.3324,0.1534
14,128,15,0.1,2,False,0.025,1,adam,40,0.001,0.3321,0.1873
630,256,35,0.1,64,False,0.01,2,adam,15,0.001,0.332,0.1914
20,128,15,0.1,2,False,0.025,2,adam,40,0.001,0.3318,0.135
487,256,15,0.1,64,False,0.01,2,adam,15,0.075,0.3309,0.1722
340,128,65,0.1,64,False,0.01,1,adam,45,0.001,0.3296,0.1319
108,128,15,0.3,4,False,0.025,1,adam,15,0.001,0.3295,0.1766
48,128,15,0.1,64,False,0.01,1,adam,15,0.001,0.3294,0.1949
9,128,15,0.1,2,False,0.01,2,adam,40,0.075,0.3292,0.1728
561,256,15,0.3,64,False,0.01,2,adam,40,0.075,0.3291,0.207
62,128,15,0.1,64,False,0.025,1,adam,40,0.001,0.3291,0.2025
117,128,15,0.3,4,False,0.025,2,adam,40,0.075,0.3291,0.1765
77,128,15,0.3,2,False,0.01,1,adam,45,0.075,0.3288,0.2218
300,128,65,0.1,2,False,0.025,1,adam,15,0.001,0.3288,0.1153
88,128,15,0.3,2,False,0.025,1,adam,45,0.001,0.3283,0.2091
370,128,65,0.3,2,False,0.01,2,adam,45,0.001,0.3282,0.1226
134,128,15,0.3,64,False,0.025,1,adam,40,0.001,0.328,0.2076
194,128,35,0.1,64,False,0.01,1,adam,40,0.001,0.3276,0.1646
608,256,35,0.1,4,False,0.01,2,adam,40,0.001,0.3275,0.1859
762,256,65,0.1,4,False,0.025,2,adam,15,0.001,0.3273,0.1551
418,128,65,0.3,64,False,0.01,2,adam,45,0.001,0.3273,0.1281
86,128,15,0.3,2,False,0.025,1,adam,40,0.001,0.3265,0.2033
66,128,15,0.1,64,False,0.025,2,adam,15,0.001,0.3262,0.1467
836,256,65,0.3,4,False,0.025,2,adam,40,0.001,0.3262,0.1296
5,128,15,0.1,2,False,0.01,1,adam,45,0.075,0.326,0.194
474,256,15,0.1,4,False,0.025,2,adam,15,0.001,0.3258,0.1909
853,256,65,0.3,64,False,0.025,1,adam,15,0.075,0.3255,0.0847
554,256,15,0.3,64,False,0.01,1,adam,40,0.001,0.3253,0.2046
190,128,35,0.1,4,False,0.025,2,adam,45,0.001,0.3253,0.1755
400,128,65,0.3,4,False,0.025,1,adam,45,0.001,0.3248,0.1342
85,128,15,0.3,2,False,0.025,1,adam,15,0.075,0.3245,0.1935
514,256,15,0.3,2,False,0.01,2,adam,45,0.001,0.3245,0.1912
559,256,15,0.3,64,False,0.01,2,adam,15,0.075,0.3245,0.1802
678,256,35,0.3,4,False,0.01,2,adam,15,0.001,0.3243,0.1594
850,256,65,0.3,64,False,0.01,2,adam,45,0.001,0.324,0.1309
534,256,15,0.3,4,False,0.01,2,adam,15,0.001,0.3237,0.1956
127,128,15,0.3,64,False,0.01,2,adam,15,0.075,0.3233,0.1901
468,256,15,0.1,4,False,0.025,1,adam,15,0.001,0.3229,0.203
478,256,15,0.1,4,False,0.025,2,adam,45,0.001,0.3225,0.1867
462,256,15,0.1,4,False,0.01,2,adam,15,0.001,0.3225,0.1848
122,128,15,0.3,64,False,0.01,1,adam,40,0.001,0.3222,0.1605
792,256,65,0.3,2,False,0.01,1,adam,15,0.001,0.3222,0.101
862,256,65,0.3,64,False,0.025,2,adam,45,0.001,0.3215,0.1097
638,256,35,0.1,64,False,0.025,1,adam,40,0.001,0.3214,0.1587
70,128,15,0.1,64,False,0.025,2,adam,45,0.001,0.321,0.1983
575,256,15,0.3,64,False,0.025,2,adam,45,0.075,0.321,0.1931
104,128,15,0.3,4,False,0.01,2,adam,40,0.001,0.3209,0.2013
642,256,35,0.1,64,False,0.025,2,adam,15,0.001,0.3206,0.142
730,256,65,0.1,2,False,0.01,2,adam,45,0.001,0.3206,0.1097
488,256,15,0.1,64,False,0.01,2,adam,40,0.001,0.3204,0.1883
564,256,15,0.3,64,False,0.025,1,adam,15,0.001,0.3201,0.1978
34,128,15,0.1,4,False,0.01,2,adam,45,0.001,0.3199,0.2047
8,128,15,0.1,2,False,0.01,2,adam,40,0.001,0.3198,0.1737
26,128,15,0.1,4,False,0.01,1,adam,40,0.001,0.3195,0.1964
460,256,15,0.1,4,False,0.01,1,adam,45,0.001,0.3194,0.1987
476,256,15,0.1,4,False,0.025,2,adam,40,0.001,0.3191,0.175
618,256,35,0.1,4,False,0.025,2,adam,15,0.001,0.3189,0.1389
778,256,65,0.1,64,False,0.01,2,adam,45,0.001,0.3189,0.1298
450,256,15,0.1,2,False,0.025,2,adam,15,0.001,0.3186,0.1985
846,256,65,0.3,64,False,0.01,2,adam,15,0.001,0.318,0.1312
290,128,65,0.1,2,False,0.01,1,adam,40,0.001,0.3176,0.1109
40,128,15,0.1,4,False,0.025,1,adam,45,0.001,0.3171,0.189
539,256,15,0.3,4,False,0.01,2,adam,45,0.075,0.3168,0.2084
438,256,15,0.1,2,False,0.01,2,adam,15,0.001,0.3167,0.1774
24,128,15,0.1,4,False,0.01,1,adam,15,0.001,0.3164,0.2014
568,256,15,0.3,64,False,0.025,1,adam,45,0.001,0.3164,0.1871
480,256,15,0.1,64,False,0.01,1,adam,15,0.001,0.3156,0.1894
526,256,15,0.3,2,False,0.025,2,adam,45,0.001,0.3152,0.1748
572,256,15,0.3,64,False,0.025,2,adam,40,0.001,0.3148,0.1812
482,256,15,0.1,64,False,0.01,1,adam,40,0.001,0.3147,0.204
500,256,15,0.1,64,False,0.025,2,adam,40,0.001,0.3145,0.1898
458,256,15,0.1,4,False,0.01,1,adam,40,0.001,0.3143,0.1892
74,128,15,0.3,2,False,0.01,1,adam,40,0.001,0.314,0.1778
540,256,15,0.3,4,False,0.025,1,adam,15,0.001,0.3134,0.2042
524,256,15,0.3,2,False,0.025,2,adam,40,0.001,0.3132,0.1708
286,128,35,0.3,64,False,0.025,2,adam,45,0.001,0.3132,0.1519
416,128,65,0.3,64,False,0.01,2,adam,40,0.001,0.3132,0.1212
56,128,15,0.1,64,False,0.01,2,adam,40,0.001,0.3115,0.1961
58,128,15,0.1,64,False,0.01,2,adam,45,0.001,0.3114,0.1695
624,256,35,0.1,64,False,0.01,1,adam,15,0.001,0.3108,0.1624
571,256,15,0.3,64,False,0.025,2,adam,15,0.075,0.3106,0.1784
729,256,65,0.1,2,False,0.01,2,adam,40,0.075,0.3093,0.092
130,128,15,0.3,64,False,0.01,2,adam,45,0.001,0.3089,0.2005
76,128,15,0.3,2,False,0.01,1,adam,45,0.001,0.3086,0.217
445,256,15,0.1,2,False,0.025,1,adam,15,0.075,0.308,0.1947
548,256,15,0.3,4,False,0.025,2,adam,40,0.001,0.308,0.1759
518,256,15,0.3,2,False,0.025,1,adam,40,0.001,0.3076,0.194
714,256,35,0.3,64,False,0.025,2,adam,15,0.001,0.3072,0.1507
535,256,15,0.3,4,False,0.01,2,adam,15,0.075,0.3063,0.1894
439,256,15,0.1,2,False,0.01,2,adam,15,0.075,0.3062,0.1747
544,256,15,0.3,4,False,0.025,1,adam,45,0.001,0.3062,0.1707
848,256,65,0.3,64,False,0.01,2,adam,40,0.001,0.3058,0.1386
50,128,15,0.1,64,False,0.01,1,adam,40,0.001,0.3054,0.194
92,128,15,0.3,2,False,0.025,2,adam,40,0.001,0.3045,0.1996
7,128,15,0.1,2,False,0.01,2,adam,15,0.075,0.3038,0.1921
346,128,65,0.1,64,False,0.01,2,adam,45,0.001,0.3038,0.137
546,256,15,0.3,4,False,0.025,2,adam,15,0.001,0.3037,0.1712
6,128,15,0.1,2,False,0.01,2,adam,15,0.001,0.303,0.1686
550,256,15,0.3,4,False,0.025,2,adam,45,0.001,0.3029,0.1499
492,256,15,0.1,64,False,0.025,1,adam,15,0.001,0.3027,0.2059
355,128,65,0.1,64,False,0.025,2,adam,15,0.075,0.3026,0.0815
202,128,35,0.1,64,False,0.01,2,adam,45,0.001,0.3022,0.1268
54,128,15,0.1,64,False,0.01,2,adam,15,0.001,0.3019,0.1848
498,256,15,0.1,64,False,0.025,2,adam,15,0.001,0.3015,0.1664
258,128,35,0.3,4,False,0.025,2,adam,15,0.001,0.3015,0.1182
486,256,15,0.1,64,False,0.01,2,adam,15,0.001,0.3014,0.1977
470,256,15,0.1,4,False,0.025,1,adam,40,0.001,0.3007,0.214
28,128,15,0.1,4,False,0.01,1,adam,45,0.001,0.2994,0.1691
475,256,15,0.1,4,False,0.025,2,adam,15,0.075,0.2992,0.1602
103,128,15,0.3,4,False,0.01,2,adam,15,0.075,0.298,0.1825
858,256,65,0.3,64,False,0.025,2,adam,15,0.001,0.2974,0.1076
490,256,15,0.1,64,False,0.01,2,adam,45,0.001,0.295,0.1947
78,128,15,0.3,2,False,0.01,2,adam,15,0.001,0.295,0.1854
499,256,15,0.1,64,False,0.025,2,adam,15,0.075,0.2943,0.1823
801,256,65,0.3,2,False,0.01,2,adam,40,0.075,0.2926,0.0988
512,256,15,0.3,2,False,0.01,2,adam,40,0.001,0.2918,0.1902
527,256,15,0.3,2,False,0.025,2,adam,45,0.075,0.2915,0.1797
825,256,65,0.3,4,False,0.01,2,adam,40,0.075,0.2907,0.0995
237,128,35,0.3,2,False,0.025,2,adam,40,0.075,0.2906,0.106
658,256,35,0.3,2,False,0.01,2,adam,45,0.001,0.2896,0.1277
532,256,15,0.3,4,False,0.01,1,adam,45,0.001,0.2895,0.2183
434,256,15,0.1,2,False,0.01,1,adam,40,0.001,0.2886,0.1839
44,128,15,0.1,4,False,0.025,2,adam,40,0.001,0.2877,0.1965
94,128,15,0.3,2,False,0.025,2,adam,45,0.001,0.2866,0.1518
509,256,15,0.3,2,False,0.01,1,adam,45,0.075,0.2862,0.1895
504,256,15,0.3,2,False,0.01,1,adam,15,0.001,0.2853,0.1966
226,128,35,0.3,2,False,0.01,2,adam,45,0.001,0.282,0.138
560,256,15,0.3,64,False,0.01,2,adam,40,0.001,0.2767,0.1803
562,256,15,0.3,64,False,0.01,2,adam,45,0.001,0.2696,0.1916
436,256,15,0.1,2,False,0.01,1,adam,45,0.001,0.2684,0.188
309,128,65,0.1,2,False,0.025,2,adam,40,0.075,0.2674,0.0639
32,128,15,0.1,4,False,0.01,2,adam,40,0.001,0.2667,0.1486
609,256,35,0.1,4,False,0.01,2,adam,40,0.075,0.263,0.1176
175,128,35,0.1,4,False,0.01,2,adam,15,0.075,0.2623,0.1088
379,128,65,0.3,2,False,0.025,2,adam,15,0.075,0.262,0.0714
442,256,15,0.1,2,False,0.01,2,adam,45,0.001,0.2602,0.1377
10,128,15,0.1,2,False,0.01,2,adam,45,0.001,0.2598,0.1825
520,256,15,0.3,2,False,0.025,1,adam,45,0.001,0.2597,0.1811
187,128,35,0.1,4,False,0.025,2,adam,15,0.075,0.2562,0.0981
381,128,65,0.3,2,False,0.025,2,adam,40,0.075,0.255,0.0729
595,256,35,0.1,2,False,0.025,2,adam,15,0.075,0.2534,0.1039
587,256,35,0.1,2,False,0.01,2,adam,45,0.075,0.2531,0.1063
153,128,35,0.1,2,False,0.01,2,adam,40,0.075,0.2526,0.1052
116,128,15,0.3,4,False,0.025,2,adam,40,0.001,0.2484,0.1583
227,128,35,0.3,2,False,0.01,2,adam,45,0.075,0.2481,0.1168
655,256,35,0.3,2,False,0.01,2,adam,15,0.075,0.2413,0.1056
585,256,35,0.1,2,False,0.01,2,adam,40,0.075,0.2387,0.0967
81,128,15,0.3,2,False,0.01,2,adam,40,0.075,0.238,0.1344
21,128,15,0.1,2,False,0.025,2,adam,40,0.075,0.2363,0.118
549,256,15,0.3,4,False,0.025,2,adam,40,0.075,0.2326,0.1291
43,128,15,0.1,4,False,0.025,2,adam,15,0.075,0.2309,0.1116
811,256,65,0.3,2,False,0.025,2,adam,15,0.075,0.2297,0.0613
551,256,15,0.3,4,False,0.025,2,adam,45,0.075,0.2263,0.1157
799,256,65,0.3,2,False,0.01,2,adam,15,0.075,0.2254,0.0688
143,128,15,0.3,64,False,0.025,2,adam,45,0.075,0.2244,0.0978
47,128,15,0.1,4,False,0.025,2,adam,45,0.075,0.2204,0.123
31,128,15,0.1,4,False,0.01,2,adam,15,0.075,0.2138,0.1165
467,256,15,0.1,4,False,0.01,2,adam,45,0.075,0.2106,0.1233
463,256,15,0.1,4,False,0.01,2,adam,15,0.075,0.2092,0.1123
508,256,15,0.3,2,False,0.01,1,adam,45,0.001,0.2083,0.147
657,256,35,0.3,2,False,0.01,2,adam,40,0.075,0.207,0.091
115,128,15,0.3,4,False,0.025,2,adam,15,0.075,0.2034,0.1017
83,128,15,0.3,2,False,0.01,2,adam,45,0.075,0.1934,0.1295
119,128,15,0.3,4,False,0.025,2,adam,45,0.075,0.1841,0.1132
11,128,15,0.1,2,False,0.01,2,adam,45,0.075,0.1808,0.138
547,256,15,0.3,4,False,0.025,2,adam,15,0.075,0.1575,0.1124
23,128,15,0.1,2,False,0.025,2,adam,45,0.075,0.1485,0.1055
79,128,15,0.3,2,False,0.01,2,adam,15,0.075,0.1408,0.0733
165,128,35,0.1,2,False,0.025,2,adam,40,0.075,0.137,0.0562
583,256,35,0.1,2,False,0.01,2,adam,15,0.075,0.1244,0.034
667,256,35,0.3,2,False,0.025,2,adam,15,0.075,0.1204,0.0539
225,128,35,0.3,2,False,0.01,2,adam,40,0.075,0.1197,0.0273
91,128,15,0.3,2,False,0.025,2,adam,15,0.075,0.1165,0.0435
669,256,35,0.3,2,False,0.025,2,adam,40,0.075,0.1142,0.0367
441,256,15,0.1,2,False,0.01,2,adam,40,0.075,0.0927,0.05
33,128,15,0.1,4,False,0.01,2,adam,40,0.075,0.0846,0.0392
525,256,15,0.3,2,False,0.025,2,adam,40,0.075,0.0838,0.0733
523,256,15,0.3,2,False,0.025,2,adam,15,0.075,0.0833,0.0557
163,128,35,0.1,2,False,0.025,2,adam,15,0.075,0.0817,0.0459
67,128,15,0.1,64,False,0.025,2,adam,15,0.075,0.0807,0.0303
139,128,15,0.3,64,False,0.025,2,adam,15,0.075,0.0803,0.0361
455,256,15,0.1,2,False,0.025,2,adam,45,0.075,0.0772,0.0379
19,128,15,0.1,2,False,0.025,2,adam,15,0.075,0.0731,0.0274
511,256,15,0.3,2,False,0.01,2,adam,15,0.075,0.0714,0.0433
93,128,15,0.3,2,False,0.025,2,adam,40,0.075,0.0655,0.0308
451,256,15,0.1,2,False,0.025,2,adam,15,0.075,0.0551,0.0405
671,256,35,0.3,2,False,0.025,2,adam,45,0.075,0.0416,0.0141
513,256,15,0.3,2,False,0.01,2,adam,40,0.075,0.0322,0.0097
443,256,15,0.1,2,False,0.01,2,adam,45,0.075,0.0193,0.0096
95,128,15,0.3,2,False,0.025,2,adam,45,0.075,0.0,0.0
515,256,15,0.3,2,False,0.01,2,adam,45,0.075,0.0,0.0
